timestamp,symbol,open,high,low,close,volume,source
2026-06-17T00:00:00+00:00,BTC-USD,65616.640625,65790.1015625,65616.640625,65644.671875,0.0,yfinance_public_historical
2026-06-17T01:00:00+00:00,BTC-USD,65649.5703125,65890.8828125,65431.4296875,65871.0234375,7542784.0,yfinance_public_historical
2026-06-17T02:00:00+00:00,BTC-USD,65882.890625,66072.0078125,65720.7578125,65847.9921875,0.0,yfinance_public_historical
2026-06-17T03:00:00+00:00,BTC-USD,65847.9921875,65847.9921875,65649.890625,65785.2265625,0.0,yfinance_public_historical
2026-06-17T04:00:00+00:00,BTC-USD,65806.34375,65977.1875,65729.6796875,65831.7265625,0.0,yfinance_public_historical
2026-06-17T05:00:00+00:00,BTC-USD,65824.0,65922.421875,65685.5,65768.1015625,0.0,yfinance_public_historical
2026-06-17T06:00:00+00:00,BTC-USD,65769.6875,65832.421875,65517.359375,65554.3828125,0.0,yfinance_public_historical
2026-06-17T07:00:00+00:00,BTC-USD,65550.9375,65645.1015625,65185.3203125,65472.28125,265578496.0,yfinance_public_historical
2026-06-17T08:00:00+00:00,BTC-USD,65463.4296875,65501.51171875,64781.4296875,64861.96875,0.0,yfinance_public_historical
2026-06-17T09:00:00+00:00,BTC-USD,64857.26953125,65015.01953125,64782.01171875,64849.921875,626450432.0,yfinance_public_historical
2026-06-17T10:00:00+00:00,BTC-USD,64855.0,64936.2890625,64703.53125,64739.51171875,282374144.0,yfinance_public_historical
2026-06-17T11:00:00+00:00,BTC-USD,64750.94140625,64820.80859375,64494.01953125,64749.51953125,322129920.0,yfinance_public_historical
2026-06-17T12:00:00+00:00,BTC-USD,64752.390625,65036.55859375,64529.98046875,64983.37890625,0.0,yfinance_public_historical
2026-06-17T13:00:00+00:00,BTC-USD,64975.73828125,65315.76953125,64781.4296875,65225.0,0.0,yfinance_public_historical
2026-06-17T14:00:00+00:00,BTC-USD,65189.3203125,65405.58984375,64728.08984375,65040.8984375,0.0,yfinance_public_historical
2026-06-17T15:00:00+00:00,BTC-USD,65063.359375,65798.2578125,64936.46875,65696.9609375,50235392.0,yfinance_public_historical
2026-06-17T16:00:00+00:00,BTC-USD,65729.5078125,66370.421875,65664.0234375,65802.5703125,1387710464.0,yfinance_public_historical
2026-06-17T17:00:00+00:00,BTC-USD,65819.0234375,66124.0,65745.359375,66030.0078125,0.0,yfinance_public_historical
2026-06-17T18:00:00+00:00,BTC-USD,65923.6328125,65985.46875,64828.0,65457.96875,2484107264.0,yfinance_public_historical
2026-06-17T19:00:00+00:00,BTC-USD,65471.0390625,65607.1484375,63995.0390625,64256.828125,2266636288.0,yfinance_public_historical
2026-06-17T20:00:00+00:00,BTC-USD,64216.48828125,64428.12109375,64135.671875,64370.66015625,384681984.0,yfinance_public_historical
2026-06-17T21:00:00+00:00,BTC-USD,64373.75,64388.8515625,64093.640625,64196.98046875,321632256.0,yfinance_public_historical
2026-06-17T22:00:00+00:00,BTC-USD,64181.01171875,64370.55078125,63860.96875,64234.0,163862528.0,yfinance_public_historical
2026-06-17T23:00:00+00:00,BTC-USD,64241.55078125,64467.91015625,64187.46875,64452.66015625,554749952.0,yfinance_public_historical
2026-06-18T00:00:00+00:00,BTC-USD,64457.578125,64645.98828125,64395.98828125,64399.98828125,351432704.0,yfinance_public_historical
2026-06-18T01:00:00+00:00,BTC-USD,64399.98828125,64751.921875,64399.98828125,64484.25,0.0,yfinance_public_historical
2026-06-18T02:00:00+00:00,BTC-USD,64495.671875,64701.4296875,64417.109375,64620.01171875,0.0,yfinance_public_historical
2026-06-18T03:00:00+00:00,BTC-USD,64609.98046875,64611.7109375,64191.8515625,64215.05078125,256407552.0,yfinance_public_historical
2026-06-18T04:00:00+00:00,BTC-USD,64215.05078125,64262.01171875,63758.8515625,63809.87890625,866101248.0,yfinance_public_historical
2026-06-18T05:00:00+00:00,BTC-USD,63806.0703125,63953.96875,63632.0,63920.5390625,417837056.0,yfinance_public_historical
2026-06-18T06:00:00+00:00,BTC-USD,63920.53125,64055.12890625,63777.96875,64011.3515625,82182144.0,yfinance_public_historical
2026-06-18T07:00:00+00:00,BTC-USD,64027.8984375,64446.140625,63940.0,64440.87109375,0.0,yfinance_public_historical
2026-06-18T08:00:00+00:00,BTC-USD,64449.98828125,64566.1796875,64312.890625,64336.01171875,0.0,yfinance_public_historical
2026-06-18T09:00:00+00:00,BTC-USD,64343.16015625,64417.41015625,64133.03125,64144.890625,0.0,yfinance_public_historical
2026-06-18T10:00:00+00:00,BTC-USD,64144.890625,64154.62890625,63853.69140625,64014.48828125,52570112.0,yfinance_public_historical
2026-06-18T11:00:00+00:00,BTC-USD,64024.0,64137.578125,63819.859375,63901.921875,0.0,yfinance_public_historical
2026-06-18T12:00:00+00:00,BTC-USD,63927.0390625,64340.08984375,63853.6796875,64309.2109375,0.0,yfinance_public_historical
2026-06-18T13:00:00+00:00,BTC-USD,64309.21875,64382.30859375,63736.30078125,63911.6796875,635418624.0,yfinance_public_historical
2026-06-18T14:00:00+00:00,BTC-USD,63911.96875,64116.98828125,63521.6796875,63733.078125,91846656.0,yfinance_public_historical
2026-06-18T15:00:00+00:00,BTC-USD,63713.5390625,63713.5390625,62237.6796875,62294.87890625,2005311488.0,yfinance_public_historical
2026-06-18T16:00:00+00:00,BTC-USD,62276.55078125,62732.75,62276.55078125,62602.01953125,324931584.0,yfinance_public_historical
2026-06-18T17:00:00+00:00,BTC-USD,62619.98046875,62654.76171875,62190.0,62515.03125,837355520.0,yfinance_public_historical
2026-06-18T18:00:00+00:00,BTC-USD,62530.66015625,62880.19140625,62486.890625,62621.5,0.0,yfinance_public_historical
2026-06-18T19:00:00+00:00,BTC-USD,62631.578125,62925.05859375,62547.80078125,62859.1015625,0.0,yfinance_public_historical
2026-06-18T20:00:00+00:00,BTC-USD,62905.5,63183.3515625,62905.5,63012.28125,0.0,yfinance_public_historical
2026-06-18T21:00:00+00:00,BTC-USD,63012.28125,63050.98828125,62789.8984375,62889.73046875,220192768.0,yfinance_public_historical
2026-06-18T22:00:00+00:00,BTC-USD,62886.359375,62912.96875,62671.80078125,62815.69921875,0.0,yfinance_public_historical
2026-06-18T23:00:00+00:00,BTC-USD,62780.3515625,62917.01171875,62687.16015625,62879.01171875,807333888.0,yfinance_public_historical
2026-06-19T00:00:00+00:00,BTC-USD,62883.53125,63015.98828125,62772.30859375,62949.87109375,89223168.0,yfinance_public_historical
2026-06-19T01:00:00+00:00,BTC-USD,62955.390625,63030.55078125,62774.80859375,62951.96875,0.0,yfinance_public_historical
2026-06-19T02:00:00+00:00,BTC-USD,62951.96875,63040.390625,62816.01953125,62929.98828125,0.0,yfinance_public_historical
2026-06-19T03:00:00+00:00,BTC-USD,62932.46875,62958.359375,62312.21875,62702.0703125,111077376.0,yfinance_public_historical
2026-06-19T04:00:00+00:00,BTC-USD,62702.078125,62852.390625,62346.19140625,62387.140625,0.0,yfinance_public_historical
2026-06-19T05:00:00+00:00,BTC-USD,62398.4296875,62681.390625,62390.390625,62675.80859375,0.0,yfinance_public_historical
2026-06-19T06:00:00+00:00,BTC-USD,62675.80859375,62854.53125,62661.98828125,62829.3203125,0.0,yfinance_public_historical
2026-06-19T07:00:00+00:00,BTC-USD,62828.578125,62856.4609375,62436.51953125,62561.2109375,370401280.0,yfinance_public_historical
2026-06-19T08:00:00+00:00,BTC-USD,62561.2109375,62713.859375,62498.0,62529.421875,0.0,yfinance_public_historical
2026-06-19T09:00:00+00:00,BTC-USD,62546.48828125,62581.8515625,62251.96875,62317.12109375,404398080.0,yfinance_public_historical
2026-06-19T10:00:00+00:00,BTC-USD,62317.109375,62534.4296875,62314.41015625,62466.30859375,0.0,yfinance_public_historical
2026-06-19T11:00:00+00:00,BTC-USD,62466.30859375,62626.69921875,62384.25,62570.51953125,335222784.0,yfinance_public_historical
2026-06-19T12:00:00+00:00,BTC-USD,62579.98828125,62801.30859375,62291.01171875,62768.44140625,19202048.0,yfinance_public_historical
2026-06-19T13:00:00+00:00,BTC-USD,62773.30078125,63335.01953125,62612.3984375,63151.171875,0.0,yfinance_public_historical
2026-06-19T14:00:00+00:00,BTC-USD,63156.359375,63350.01171875,62950.01171875,63145.390625,0.0,yfinance_public_historical
2026-06-19T15:00:00+00:00,BTC-USD,63149.87890625,63226.19921875,62958.30078125,63147.37109375,0.0,yfinance_public_historical
2026-06-19T16:00:00+00:00,BTC-USD,63153.12890625,63324.4296875,62880.109375,62911.5390625,0.0,yfinance_public_historical
2026-06-19T17:00:00+00:00,BTC-USD,62932.94921875,63165.51171875,62809.328125,63143.62109375,0.0,yfinance_public_historical
2026-06-19T18:00:00+00:00,BTC-USD,63133.48828125,63140.0,62925.98828125,63049.5390625,0.0,yfinance_public_historical
2026-06-19T19:00:00+00:00,BTC-USD,63042.30078125,63081.421875,62880.30859375,62968.94140625,0.0,yfinance_public_historical
2026-06-19T20:00:00+00:00,BTC-USD,62977.48828125,63202.73828125,62899.359375,63190.23828125,0.0,yfinance_public_historical
2026-06-19T21:00:00+00:00,BTC-USD,63188.75,63214.1015625,62989.78125,63015.1015625,0.0,yfinance_public_historical
2026-06-19T22:00:00+00:00,BTC-USD,63001.80078125,63305.62890625,62990.6796875,63256.94140625,22110208.0,yfinance_public_historical
2026-06-19T23:00:00+00:00,BTC-USD,63260.98828125,63574.05859375,63209.87109375,63475.6484375,50837504.0,yfinance_public_historical
2026-06-20T00:00:00+00:00,BTC-USD,63469.9609375,63712.69140625,63408.01953125,63464.0,115142656.0,yfinance_public_historical
2026-06-20T01:00:00+00:00,BTC-USD,63465.12890625,63557.7890625,63347.0,63529.73828125,0.0,yfinance_public_historical
2026-06-20T02:00:00+00:00,BTC-USD,63508.16015625,63508.16015625,63271.58984375,63279.62890625,0.0,yfinance_public_historical
2026-06-20T03:00:00+00:00,BTC-USD,63278.01171875,63455.37890625,63252.5703125,63424.51953125,0.0,yfinance_public_historical
2026-06-20T04:00:00+00:00,BTC-USD,63420.98046875,63548.5390625,63339.58984375,63520.01953125,0.0,yfinance_public_historical
2026-06-20T05:00:00+00:00,BTC-USD,63522.37890625,63811.80078125,63476.01171875,63613.05078125,0.0,yfinance_public_historical
2026-06-20T06:00:00+00:00,BTC-USD,63613.05078125,63700.0,63572.859375,63678.421875,0.0,yfinance_public_historical
2026-06-20T07:00:00+00:00,BTC-USD,63674.01953125,63735.23046875,63535.30078125,63582.55859375,0.0,yfinance_public_historical
2026-06-20T08:00:00+00:00,BTC-USD,63593.08984375,63594.98828125,63330.71875,63358.48828125,105433088.0,yfinance_public_historical
2026-06-20T09:00:00+00:00,BTC-USD,63367.30078125,63721.2890625,63354.1796875,63667.0703125,0.0,yfinance_public_historical
2026-06-20T10:00:00+00:00,BTC-USD,63669.44140625,63710.55078125,63524.78125,63609.6015625,0.0,yfinance_public_historical
2026-06-20T11:00:00+00:00,BTC-USD,63609.58984375,63734.01171875,63549.76171875,63617.41015625,0.0,yfinance_public_historical
2026-06-20T12:00:00+00:00,BTC-USD,63617.41015625,63725.0,63492.80078125,63594.44921875,0.0,yfinance_public_historical
2026-06-20T13:00:00+00:00,BTC-USD,63585.0,63589.76953125,63214.9609375,63342.0,0.0,yfinance_public_historical
2026-06-20T14:00:00+00:00,BTC-USD,63329.8515625,64062.0,63146.33984375,63881.9609375,205778944.0,yfinance_public_historical
2026-06-20T15:00:00+00:00,BTC-USD,63900.0,64297.80859375,63776.62890625,64086.05859375,701796352.0,yfinance_public_historical
2026-06-20T16:00:00+00:00,BTC-USD,64090.3984375,64090.3984375,63841.28125,63967.890625,0.0,yfinance_public_historical
2026-06-20T17:00:00+00:00,BTC-USD,63957.98046875,63963.19140625,63670.01171875,63751.171875,0.0,yfinance_public_historical
2026-06-20T18:00:00+00:00,BTC-USD,63777.0,63854.23046875,63710.359375,63733.28125,0.0,yfinance_public_historical
2026-06-20T19:00:00+00:00,BTC-USD,63722.7109375,63899.98828125,63718.01953125,63867.359375,0.0,yfinance_public_historical
2026-06-20T20:00:00+00:00,BTC-USD,63868.37890625,63907.58984375,63777.1484375,63858.6796875,28168192.0,yfinance_public_historical
2026-06-20T21:00:00+00:00,BTC-USD,63860.96875,64008.75,63844.19921875,63937.01171875,0.0,yfinance_public_historical
2026-06-20T22:00:00+00:00,BTC-USD,63925.2109375,64278.94140625,63899.98828125,64196.98828125,0.0,yfinance_public_historical
2026-06-20T23:00:00+00:00,BTC-USD,64188.4609375,64261.33984375,64172.25,64245.30859375,486703104.0,yfinance_public_historical
2026-06-21T00:00:00+00:00,BTC-USD,64229.671875,64240.6015625,64158.78125,64207.98828125,0.0,yfinance_public_historical
2026-06-21T01:00:00+00:00,BTC-USD,64212.80859375,64241.1015625,64129.37890625,64175.171875,16064512.0,yfinance_public_historical
2026-06-21T02:00:00+00:00,BTC-USD,64154.96875,64194.0,64142.12890625,64155.01171875,0.0,yfinance_public_historical
2026-06-21T03:00:00+00:00,BTC-USD,64157.98828125,64393.73046875,64146.05859375,64337.5390625,222158848.0,yfinance_public_historical
2026-06-21T04:00:00+00:00,BTC-USD,64345.05859375,64500.3515625,64186.1796875,64199.05078125,212718592.0,yfinance_public_historical
2026-06-21T05:00:00+00:00,BTC-USD,64199.05078125,64286.6015625,64141.640625,64178.01171875,0.0,yfinance_public_historical
2026-06-21T06:00:00+00:00,BTC-USD,64178.01171875,64243.98046875,64113.421875,64219.9609375,0.0,yfinance_public_historical
2026-06-21T07:00:00+00:00,BTC-USD,64220.12890625,64220.12890625,64090.96875,64117.05859375,47794176.0,yfinance_public_historical
2026-06-21T08:00:00+00:00,BTC-USD,64115.37890625,64147.94140625,63822.8203125,63935.3515625,0.0,yfinance_public_historical
2026-06-21T09:00:00+00:00,BTC-USD,63935.37109375,64168.19140625,63880.6484375,64126.0,0.0,yfinance_public_historical
2026-06-21T10:00:00+00:00,BTC-USD,64126.01171875,64330.609375,64118.2109375,64285.16015625,109021184.0,yfinance_public_historical
2026-06-21T11:00:00+00:00,BTC-USD,64287.9296875,64398.98046875,64034.55859375,64087.19140625,845925376.0,yfinance_public_historical
2026-06-21T12:00:00+00:00,BTC-USD,64095.30078125,64153.44140625,63881.58984375,64107.671875,58649600.0,yfinance_public_historical
2026-06-21T13:00:00+00:00,BTC-USD,64101.87890625,64107.671875,63937.33984375,64068.69921875,0.0,yfinance_public_historical
2026-06-21T14:00:00+00:00,BTC-USD,64068.69921875,64075.0390625,63920.9296875,64061.2890625,0.0,yfinance_public_historical
2026-06-21T15:00:00+00:00,BTC-USD,64061.2890625,64259.69140625,64035.66015625,64143.98828125,0.0,yfinance_public_historical
2026-06-21T16:00:00+00:00,BTC-USD,64136.41015625,64170.0390625,63961.6484375,64065.578125,0.0,yfinance_public_historical
2026-06-21T17:00:00+00:00,BTC-USD,64065.578125,64138.69140625,63987.0,64065.30078125,0.0,yfinance_public_historical
2026-06-21T18:00:00+00:00,BTC-USD,64065.30859375,64157.7890625,63868.109375,64140.0,258872320.0,yfinance_public_historical
2026-06-21T19:00:00+00:00,BTC-USD,64130.53125,64212.73828125,64083.171875,64119.96875,36339712.0,yfinance_public_historical
2026-06-21T20:00:00+00:00,BTC-USD,64125.19921875,64192.5,63630.7890625,63759.03125,194278400.0,yfinance_public_historical
2026-06-21T21:00:00+00:00,BTC-USD,63770.23828125,63874.890625,63432.03125,63723.98828125,862225408.0,yfinance_public_historical
2026-06-21T22:00:00+00:00,BTC-USD,63614.44921875,63773.4609375,63491.69140625,63724.91015625,0.0,yfinance_public_historical
2026-06-21T23:00:00+00:00,BTC-USD,63724.91015625,63724.91015625,63208.3515625,63224.87109375,493126656.0,yfinance_public_historical
2026-06-22T00:00:00+00:00,BTC-USD,63235.62890625,64010.23828125,63235.62890625,63811.80078125,882280448.0,yfinance_public_historical
2026-06-22T01:00:00+00:00,BTC-USD,63836.05859375,64690.6484375,63767.26171875,64532.69921875,1227382784.0,yfinance_public_historical
2026-06-22T02:00:00+00:00,BTC-USD,64548.421875,64580.5390625,64164.1484375,64181.73828125,484296704.0,yfinance_public_historical
2026-06-22T03:00:00+00:00,BTC-USD,64172.421875,64372.6484375,63840.26953125,63888.71875,184621056.0,yfinance_public_historical
2026-06-22T04:00:00+00:00,BTC-USD,63906.73828125,64034.5390625,63793.1484375,64013.359375,498747392.0,yfinance_public_historical
2026-06-22T05:00:00+00:00,BTC-USD,64002.1484375,64256.0,64002.1484375,64164.80859375,426881024.0,yfinance_public_historical
2026-06-22T06:00:00+00:00,BTC-USD,64188.3515625,64244.62109375,63863.921875,63910.01171875,364029952.0,yfinance_public_historical
2026-06-22T07:00:00+00:00,BTC-USD,63925.19921875,64296.9609375,63884.69921875,64131.3984375,514242560.0,yfinance_public_historical
2026-06-22T08:00:00+00:00,BTC-USD,64135.37890625,64270.0703125,63959.98828125,64089.58984375,140236800.0,yfinance_public_historical
2026-06-22T09:00:00+00:00,BTC-USD,64093.4296875,64177.71875,63978.26171875,64074.578125,0.0,yfinance_public_historical
2026-06-22T10:00:00+00:00,BTC-USD,64066.5703125,64204.05859375,64002.01953125,64066.37109375,0.0,yfinance_public_historical
2026-06-22T11:00:00+00:00,BTC-USD,64066.37890625,64686.12109375,64025.01171875,64582.23828125,387602432.0,yfinance_public_historical
2026-06-22T12:00:00+00:00,BTC-USD,64600.30859375,65130.359375,64517.0390625,65077.578125,1122373632.0,yfinance_public_historical
2026-06-22T13:00:00+00:00,BTC-USD,65077.58984375,65505.3984375,64869.96875,65502.76953125,1813080064.0,yfinance_public_historical
2026-06-22T14:00:00+00:00,BTC-USD,65518.03125,65550.0,64760.62890625,64896.1015625,1490454528.0,yfinance_public_historical
2026-06-22T15:00:00+00:00,BTC-USD,64901.55859375,65068.0,64679.37109375,64765.421875,619438080.0,yfinance_public_historical
2026-06-22T16:00:00+00:00,BTC-USD,64782.640625,64782.640625,64435.96875,64641.08984375,366217216.0,yfinance_public_historical
2026-06-22T17:00:00+00:00,BTC-USD,64645.8515625,64692.48046875,64315.12890625,64529.19921875,619610112.0,yfinance_public_historical
2026-06-22T18:00:00+00:00,BTC-USD,64535.078125,64658.76953125,64244.859375,64264.73828125,526782464.0,yfinance_public_historical
2026-06-22T19:00:00+00:00,BTC-USD,64261.5703125,64431.01953125,64202.6484375,64431.01953125,417003520.0,yfinance_public_historical
2026-06-22T20:00:00+00:00,BTC-USD,64421.98828125,64597.30078125,64292.01171875,64359.171875,117295104.0,yfinance_public_historical
2026-06-22T21:00:00+00:00,BTC-USD,64358.76171875,64411.05078125,64076.44140625,64246.41015625,0.0,yfinance_public_historical
2026-06-22T22:00:00+00:00,BTC-USD,64246.41015625,64326.0,63731.03125,63889.98828125,250228736.0,yfinance_public_historical
2026-06-22T23:00:00+00:00,BTC-USD,63852.16015625,63980.30859375,63813.76953125,63950.609375,0.0,yfinance_public_historical
2026-06-23T00:00:00+00:00,BTC-USD,63931.53125,64083.69140625,63757.1015625,64069.328125,0.0,yfinance_public_historical
2026-06-23T01:00:00+00:00,BTC-USD,64087.109375,64195.671875,63829.21875,64078.71875,0.0,yfinance_public_historical
2026-06-23T02:00:00+00:00,BTC-USD,64082.80078125,64195.66015625,63967.3984375,64122.71875,0.0,yfinance_public_historical
2026-06-23T03:00:00+00:00,BTC-USD,64122.71875,64124.640625,63884.19921875,63987.8203125,0.0,yfinance_public_historical
2026-06-23T04:00:00+00:00,BTC-USD,63998.109375,64015.859375,63531.98046875,63538.0,0.0,yfinance_public_historical
2026-06-23T05:00:00+00:00,BTC-USD,63555.98828125,63654.05078125,63279.0,63321.01171875,337743872.0,yfinance_public_historical
2026-06-23T06:00:00+00:00,BTC-USD,63307.98828125,63317.48828125,62500.98828125,62861.8984375,1607733248.0,yfinance_public_historical
2026-06-23T07:00:00+00:00,BTC-USD,62869.5390625,63014.8515625,62793.9296875,62805.5,795586560.0,yfinance_public_historical
2026-06-23T08:00:00+00:00,BTC-USD,62803.98828125,62869.58984375,61887.73828125,62308.1484375,3532699648.0,yfinance_public_historical
2026-06-23T09:00:00+00:00,BTC-USD,62317.80078125,62437.78125,62268.41015625,62307.1015625,709224448.0,yfinance_public_historical
2026-06-23T10:00:00+00:00,BTC-USD,62310.6796875,62494.01171875,62160.19921875,62237.25,366888960.0,yfinance_public_historical
2026-06-23T11:00:00+00:00,BTC-USD,62245.96875,62549.5703125,62239.69140625,62432.7890625,0.0,yfinance_public_historical
2026-06-23T12:00:00+00:00,BTC-USD,62432.78125,62484.16015625,62132.4609375,62180.5,0.0,yfinance_public_historical
2026-06-23T13:00:00+00:00,BTC-USD,62186.05078125,62458.1796875,61884.01171875,62396.01171875,0.0,yfinance_public_historical
2026-06-23T14:00:00+00:00,BTC-USD,62394.98828125,62765.03125,62351.73046875,62419.28125,88002560.0,yfinance_public_historical
2026-06-23T15:00:00+00:00,BTC-USD,62415.91015625,62429.671875,62115.7109375,62401.98828125,36347904.0,yfinance_public_historical
2026-06-23T16:00:00+00:00,BTC-USD,62404.01171875,62727.5,62344.08984375,62463.6484375,0.0,yfinance_public_historical
2026-06-23T17:00:00+00:00,BTC-USD,62462.0,62606.0390625,62250.0,62271.421875,0.0,yfinance_public_historical
2026-06-23T18:00:00+00:00,BTC-USD,62289.890625,62368.0,62010.26953125,62155.8984375,72570880.0,yfinance_public_historical
2026-06-23T19:00:00+00:00,BTC-USD,62146.28125,62383.1796875,62140.578125,62326.75,0.0,yfinance_public_historical
2026-06-23T20:00:00+00:00,BTC-USD,62316.73046875,62444.140625,62306.7890625,62387.37890625,160159744.0,yfinance_public_historical
2026-06-23T21:00:00+00:00,BTC-USD,62400.44140625,62579.91015625,62392.0,62515.05078125,310327296.0,yfinance_public_historical
2026-06-23T22:00:00+00:00,BTC-USD,62508.12109375,62698.0,62437.8515625,62509.9609375,0.0,yfinance_public_historical
2026-06-23T23:00:00+00:00,BTC-USD,62499.0,62714.609375,62416.5,62644.73828125,0.0,yfinance_public_historical
2026-06-24T00:00:00+00:00,BTC-USD,62644.859375,62946.01171875,62644.859375,62933.08984375,31367168.0,yfinance_public_historical
2026-06-24T01:00:00+00:00,BTC-USD,62936.03125,63032.390625,62693.3984375,62849.37890625,0.0,yfinance_public_historical
2026-06-24T02:00:00+00:00,BTC-USD,62849.390625,62924.03125,62521.58984375,62546.328125,767395840.0,yfinance_public_historical
2026-06-24T03:00:00+00:00,BTC-USD,62564.58984375,62750.30859375,62380.0,62649.7109375,1040054272.0,yfinance_public_historical
2026-06-24T04:00:00+00:00,BTC-USD,62655.0,62708.01171875,62443.33984375,62661.75,42153984.0,yfinance_public_historical
2026-06-24T05:00:00+00:00,BTC-USD,62671.7890625,62979.98828125,62621.55078125,62801.98828125,0.0,yfinance_public_historical
2026-06-24T06:00:00+00:00,BTC-USD,62801.98828125,62825.8984375,62645.4609375,62691.828125,0.0,yfinance_public_historical
2026-06-24T07:00:00+00:00,BTC-USD,62691.8515625,62755.5390625,62521.83984375,62561.19140625,0.0,yfinance_public_historical
2026-06-24T08:00:00+00:00,BTC-USD,62568.01171875,62715.96875,62504.37890625,62707.5,0.0,yfinance_public_historical
2026-06-24T09:00:00+00:00,BTC-USD,62707.51171875,62707.51171875,62545.62109375,62594.41015625,175212544.0,yfinance_public_historical
2026-06-24T10:00:00+00:00,BTC-USD,62594.41015625,62599.8984375,62340.30078125,62355.6015625,0.0,yfinance_public_historical
2026-06-24T11:00:00+00:00,BTC-USD,62347.66015625,63086.140625,62222.421875,62832.03125,365285376.0,yfinance_public_historical
2026-06-24T12:00:00+00:00,BTC-USD,62837.9609375,62881.5,62496.28125,62521.19921875,400979968.0,yfinance_public_historical
2026-06-24T13:00:00+00:00,BTC-USD,62535.6796875,62535.6796875,61161.859375,61224.91015625,1383716864.0,yfinance_public_historical
2026-06-24T14:00:00+00:00,BTC-USD,61194.01171875,61349.66015625,60806.37890625,61012.4609375,1822052352.0,yfinance_public_historical
2026-06-24T15:00:00+00:00,BTC-USD,61000.01171875,61048.9296875,60162.3203125,60176.73828125,1590421504.0,yfinance_public_historical
2026-06-24T16:00:00+00:00,BTC-USD,60163.7890625,60574.69921875,59551.66015625,59775.98828125,3556417536.0,yfinance_public_historical
2026-06-24T17:00:00+00:00,BTC-USD,59771.640625,59961.609375,59022.7890625,59312.12890625,3961331712.0,yfinance_public_historical
2026-06-24T18:00:00+00:00,BTC-USD,59348.078125,59828.859375,59239.94140625,59496.78125,1509240832.0,yfinance_public_historical
2026-06-24T19:00:00+00:00,BTC-USD,59529.51171875,59901.96875,59440.1484375,59870.51953125,1233420288.0,yfinance_public_historical
2026-06-24T20:00:00+00:00,BTC-USD,59870.62890625,61108.48046875,59766.73046875,60866.21875,2415386624.0,yfinance_public_historical
2026-06-24T21:00:00+00:00,BTC-USD,60894.5703125,61043.30078125,60574.62109375,61029.98828125,546979840.0,yfinance_public_historical
2026-06-24T22:00:00+00:00,BTC-USD,61014.83984375,61156.671875,60716.421875,60778.4296875,257605632.0,yfinance_public_historical
2026-06-24T23:00:00+00:00,BTC-USD,60772.0,61007.1015625,60727.98046875,60983.140625,156639232.0,yfinance_public_historical
2026-06-25T00:00:00+00:00,BTC-USD,60988.30859375,61056.328125,60645.6796875,60717.98046875,0.0,yfinance_public_historical
2026-06-25T01:00:00+00:00,BTC-USD,60706.0,60895.8515625,60626.8984375,60819.98046875,0.0,yfinance_public_historical
2026-06-25T02:00:00+00:00,BTC-USD,60821.98046875,60868.58984375,60607.98828125,60697.66015625,99987456.0,yfinance_public_historical
2026-06-25T03:00:00+00:00,BTC-USD,60705.80078125,60803.98828125,60616.8984375,60781.01953125,0.0,yfinance_public_historical
2026-06-25T04:00:00+00:00,BTC-USD,60790.26171875,61294.578125,60687.8515625,61255.1796875,0.0,yfinance_public_historical
2026-06-25T05:00:00+00:00,BTC-USD,61251.23828125,61701.328125,61179.6015625,61498.828125,1264373760.0,yfinance_public_historical
2026-06-25T06:00:00+00:00,BTC-USD,61515.21875,61738.96875,61498.05859375,61628.0,259444736.0,yfinance_public_historical
2026-06-25T07:00:00+00:00,BTC-USD,61632.9609375,61868.37890625,61561.73046875,61816.7890625,796299264.0,yfinance_public_historical
2026-06-25T08:00:00+00:00,BTC-USD,61814.62890625,61826.26953125,61584.73828125,61608.94921875,276004864.0,yfinance_public_historical
2026-06-25T09:00:00+00:00,BTC-USD,61627.58984375,61687.05859375,61510.640625,61634.48046875,0.0,yfinance_public_historical
2026-06-25T10:00:00+00:00,BTC-USD,61634.48828125,61654.9609375,61169.69140625,61180.390625,0.0,yfinance_public_historical
2026-06-25T11:00:00+00:00,BTC-USD,61183.44921875,61325.0,60971.1796875,61179.078125,0.0,yfinance_public_historical
2026-06-25T12:00:00+00:00,BTC-USD,61192.44140625,61584.0,60968.4296875,61132.62890625,752631808.0,yfinance_public_historical
2026-06-25T13:00:00+00:00,BTC-USD,61139.12109375,61247.28125,58029.5390625,58051.359375,0.0,yfinance_public_historical
2026-06-25T14:00:00+00:00,BTC-USD,58218.26953125,60316.46875,58218.26953125,59369.83984375,4874633216.0,yfinance_public_historical
2026-06-25T15:00:00+00:00,BTC-USD,59361.75,59534.80078125,58777.98828125,59456.96875,745529344.0,yfinance_public_historical
2026-06-25T16:00:00+00:00,BTC-USD,59469.62109375,59946.171875,59064.12109375,59214.28125,0.0,yfinance_public_historical
2026-06-25T17:00:00+00:00,BTC-USD,59202.359375,59620.9296875,59036.01171875,59579.078125,0.0,yfinance_public_historical
2026-06-25T18:00:00+00:00,BTC-USD,59575.66015625,59670.0,59264.6484375,59396.921875,0.0,yfinance_public_historical
2026-06-25T19:00:00+00:00,BTC-USD,59424.390625,59424.390625,59076.359375,59217.0703125,0.0,yfinance_public_historical
2026-06-25T20:00:00+00:00,BTC-USD,59220.1796875,59633.26953125,59220.1796875,59351.76171875,0.0,yfinance_public_historical
2026-06-25T21:00:00+00:00,BTC-USD,59354.890625,60139.98828125,59349.98828125,60128.8984375,0.0,yfinance_public_historical
2026-06-25T22:00:00+00:00,BTC-USD,60104.51953125,60104.51953125,59645.51953125,59748.73828125,403812352.0,yfinance_public_historical
2026-06-25T23:00:00+00:00,BTC-USD,59737.3203125,60099.98828125,59648.578125,59699.62109375,264708096.0,yfinance_public_historical
2026-06-26T00:00:00+00:00,BTC-USD,59709.78125,59813.80859375,59542.01171875,59572.1015625,0.0,yfinance_public_historical
2026-06-26T01:00:00+00:00,BTC-USD,59565.9609375,59688.3515625,59133.91015625,59340.98828125,334405632.0,yfinance_public_historical
2026-06-26T02:00:00+00:00,BTC-USD,59360.0,59363.25,58271.25,58461.8203125,1555865600.0,yfinance_public_historical
2026-06-26T03:00:00+00:00,BTC-USD,58475.9609375,60022.01171875,58251.0,59945.390625,1210122240.0,yfinance_public_historical
2026-06-26T04:00:00+00:00,BTC-USD,59930.51953125,60123.37890625,59747.171875,59830.921875,1309093888.0,yfinance_public_historical
2026-06-26T05:00:00+00:00,BTC-USD,59835.53125,59948.30859375,59645.98828125,59860.01953125,0.0,yfinance_public_historical
2026-06-26T06:00:00+00:00,BTC-USD,59841.359375,60353.828125,59617.96875,60233.0390625,1359286272.0,yfinance_public_historical
2026-06-26T07:00:00+00:00,BTC-USD,60238.46875,60641.96875,60190.359375,60432.1015625,510152704.0,yfinance_public_historical
2026-06-26T08:00:00+00:00,BTC-USD,60431.94140625,60461.98046875,60050.80078125,60147.3515625,1147498496.0,yfinance_public_historical
2026-06-26T09:00:00+00:00,BTC-USD,60162.109375,60162.109375,59479.73046875,59644.0,351313920.0,yfinance_public_historical
2026-06-26T10:00:00+00:00,BTC-USD,59638.9296875,59761.7890625,59149.48046875,59226.2890625,336900096.0,yfinance_public_historical
2026-06-26T11:00:00+00:00,BTC-USD,59230.0,59483.96875,59180.390625,59321.6796875,75190272.0,yfinance_public_historical
2026-06-26T12:00:00+00:00,BTC-USD,59328.01953125,59886.0,58885.01171875,59087.03125,781398016.0,yfinance_public_historical
2026-06-26T13:00:00+00:00,BTC-USD,59104.80078125,60093.01171875,58550.0,60058.609375,0.0,yfinance_public_historical
2026-06-26T14:00:00+00:00,BTC-USD,60014.171875,60165.75,59307.21875,59499.96875,0.0,yfinance_public_historical
2026-06-26T15:00:00+00:00,BTC-USD,59510.828125,60408.03125,59493.8515625,60234.01171875,0.0,yfinance_public_historical
2026-06-26T16:00:00+00:00,BTC-USD,60226.921875,60463.98828125,59871.359375,59950.078125,0.0,yfinance_public_historical
2026-06-26T17:00:00+00:00,BTC-USD,59937.1484375,60186.01171875,59858.8984375,59929.0,34332672.0,yfinance_public_historical
2026-06-26T18:00:00+00:00,BTC-USD,59930.69921875,60064.73046875,59473.390625,59563.23046875,282058752.0,yfinance_public_historical
2026-06-26T19:00:00+00:00,BTC-USD,59574.51171875,59990.0,59513.7890625,59716.0,226521088.0,yfinance_public_historical
2026-06-26T20:00:00+00:00,BTC-USD,59700.30078125,59890.69140625,59491.48046875,59620.51171875,676999168.0,yfinance_public_historical
2026-06-26T21:00:00+00:00,BTC-USD,59605.75,59962.76953125,59578.21875,59826.01171875,0.0,yfinance_public_historical
2026-06-26T22:00:00+00:00,BTC-USD,59812.26171875,59991.2890625,59665.140625,59957.98828125,0.0,yfinance_public_historical
2026-06-26T23:00:00+00:00,BTC-USD,59951.51953125,60025.73046875,59842.80078125,59999.28125,1499136.0,yfinance_public_historical
2026-06-27T00:00:00+00:00,BTC-USD,60011.08984375,60107.5703125,59790.01171875,59974.7109375,0.0,yfinance_public_historical
2026-06-27T01:00:00+00:00,BTC-USD,59974.69921875,59985.30078125,59837.7109375,59854.171875,0.0,yfinance_public_historical
2026-06-27T02:00:00+00:00,BTC-USD,59847.91015625,60279.41015625,59826.5390625,60190.19921875,0.0,yfinance_public_historical
2026-06-27T03:00:00+00:00,BTC-USD,60173.37890625,60309.58984375,60063.87109375,60205.5,0.0,yfinance_public_historical
2026-06-27T04:00:00+00:00,BTC-USD,60209.76953125,60386.1015625,60120.390625,60149.98046875,0.0,yfinance_public_historical
2026-06-27T05:00:00+00:00,BTC-USD,60145.8515625,60217.890625,60039.96875,60143.98828125,0.0,yfinance_public_historical
2026-06-27T06:00:00+00:00,BTC-USD,60143.98828125,60409.8984375,60021.8984375,60274.12890625,0.0,yfinance_public_historical
2026-06-27T07:00:00+00:00,BTC-USD,60285.05078125,60477.5390625,60201.01171875,60451.640625,0.0,yfinance_public_historical
2026-06-27T08:00:00+00:00,BTC-USD,60451.6484375,60451.6484375,60272.71875,60353.69140625,0.0,yfinance_public_historical
2026-06-27T09:00:00+00:00,BTC-USD,60353.69140625,60395.98046875,60195.7890625,60312.76171875,0.0,yfinance_public_historical
2026-06-27T10:00:00+00:00,BTC-USD,60314.0,60395.08984375,60279.390625,60317.98828125,0.0,yfinance_public_historical
2026-06-27T11:00:00+00:00,BTC-USD,60317.98828125,60349.7109375,60103.98828125,60264.73046875,0.0,yfinance_public_historical
2026-06-27T12:00:00+00:00,BTC-USD,60258.890625,60329.98828125,60153.98046875,60324.4296875,0.0,yfinance_public_historical
2026-06-27T13:00:00+00:00,BTC-USD,60328.46875,60547.12890625,60287.26171875,60485.03125,0.0,yfinance_public_historical
2026-06-27T14:00:00+00:00,BTC-USD,60487.01171875,60614.62890625,60407.05859375,60510.21875,0.0,yfinance_public_historical
2026-06-27T15:00:00+00:00,BTC-USD,60516.80859375,60837.8203125,60464.609375,60740.03125,0.0,yfinance_public_historical
2026-06-27T16:00:00+00:00,BTC-USD,60741.0,60741.05078125,60569.640625,60710.390625,0.0,yfinance_public_historical
2026-06-27T17:00:00+00:00,BTC-USD,60708.0,60716.55078125,60336.0390625,60424.0703125,0.0,yfinance_public_historical
2026-06-27T18:00:00+00:00,BTC-USD,60424.0703125,60475.421875,60346.26171875,60475.421875,0.0,yfinance_public_historical
2026-06-27T19:00:00+00:00,BTC-USD,60457.51171875,60508.5,59982.44921875,60077.6484375,0.0,yfinance_public_historical
2026-06-27T20:00:00+00:00,BTC-USD,60084.8984375,60203.91015625,60084.8984375,60193.25,0.0,yfinance_public_historical
2026-06-27T21:00:00+00:00,BTC-USD,60199.37890625,60378.4609375,60044.26171875,60102.51171875,0.0,yfinance_public_historical
2026-06-27T22:00:00+00:00,BTC-USD,60073.9296875,60158.55859375,59785.48828125,60135.01171875,444544000.0,yfinance_public_historical
2026-06-27T23:00:00+00:00,BTC-USD,60132.109375,60224.94140625,59856.66015625,59934.83984375,0.0,yfinance_public_historical
2026-06-28T00:00:00+00:00,BTC-USD,59934.83984375,60102.359375,59916.01171875,60044.01953125,664351744.0,yfinance_public_historical
2026-06-28T01:00:00+00:00,BTC-USD,60056.1796875,60179.98828125,59905.69921875,60130.640625,96689152.0,yfinance_public_historical
2026-06-28T02:00:00+00:00,BTC-USD,60131.140625,60248.328125,59972.94921875,60051.23828125,0.0,yfinance_public_historical
2026-06-28T03:00:00+00:00,BTC-USD,60074.0,60193.25,60072.80078125,60105.91015625,0.0,yfinance_public_historical
2026-06-28T04:00:00+00:00,BTC-USD,60107.96875,60147.37109375,60010.0,60046.140625,385690624.0,yfinance_public_historical
2026-06-28T05:00:00+00:00,BTC-USD,60049.91015625,60049.91015625,59688.359375,59892.01171875,63910912.0,yfinance_public_historical
2026-06-28T06:00:00+00:00,BTC-USD,59892.03125,59941.0,59716.01171875,59908.69140625,0.0,yfinance_public_historical
2026-06-28T07:00:00+00:00,BTC-USD,59906.75,60173.78125,59906.75,60132.0,462761984.0,yfinance_public_historical
2026-06-28T08:00:00+00:00,BTC-USD,60127.83984375,60428.87890625,60049.05078125,60278.94921875,0.0,yfinance_public_historical
2026-06-28T09:00:00+00:00,BTC-USD,60292.30859375,60366.2109375,60159.55078125,60169.78125,578987008.0,yfinance_public_historical
2026-06-28T10:00:00+00:00,BTC-USD,60169.78125,60196.30859375,59982.12109375,60076.80859375,159224832.0,yfinance_public_historical
2026-06-28T11:00:00+00:00,BTC-USD,60075.94140625,60281.98828125,60034.140625,60251.96875,0.0,yfinance_public_historical
2026-06-28T12:00:00+00:00,BTC-USD,60251.9609375,60329.4296875,60098.41015625,60207.828125,576043008.0,yfinance_public_historical
2026-06-28T13:00:00+00:00,BTC-USD,60190.2109375,60201.30078125,59902.5390625,59976.9609375,0.0,yfinance_public_historical
2026-06-28T14:00:00+00:00,BTC-USD,59990.328125,60156.53125,59924.1796875,59939.2890625,558025728.0,yfinance_public_historical
2026-06-28T15:00:00+00:00,BTC-USD,59939.2890625,60035.98828125,59739.3984375,59802.48828125,0.0,yfinance_public_historical
2026-06-28T16:00:00+00:00,BTC-USD,59807.03125,59853.6015625,59507.8203125,59600.01171875,1151919104.0,yfinance_public_historical
2026-06-28T17:00:00+00:00,BTC-USD,59593.51171875,59752.53125,59318.0390625,59493.109375,0.0,yfinance_public_historical
2026-06-28T18:00:00+00:00,BTC-USD,59483.3515625,59608.80078125,59414.30859375,59520.0703125,51046400.0,yfinance_public_historical
2026-06-28T19:00:00+00:00,BTC-USD,59520.44921875,59581.75,59185.05078125,59391.66015625,0.0,yfinance_public_historical
2026-06-28T20:00:00+00:00,BTC-USD,59382.12890625,59664.76171875,59382.12890625,59559.05078125,43827200.0,yfinance_public_historical
2026-06-28T21:00:00+00:00,BTC-USD,59559.05078125,59666.94921875,59231.16015625,59339.51171875,62955520.0,yfinance_public_historical
2026-06-28T22:00:00+00:00,BTC-USD,59349.28125,59796.0,58852.0,58970.828125,685200384.0,yfinance_public_historical
2026-06-28T23:00:00+00:00,BTC-USD,58947.83984375,59752.609375,58914.1796875,59472.30078125,367500288.0,yfinance_public_historical
2026-06-29T00:00:00+00:00,BTC-USD,59478.7890625,59600.0,58904.12109375,59575.140625,271134720.0,yfinance_public_historical
2026-06-29T01:00:00+00:00,BTC-USD,59562.12109375,59585.58984375,59119.19921875,59342.5703125,522912768.0,yfinance_public_historical
2026-06-29T02:00:00+00:00,BTC-USD,59333.4296875,59700.609375,58830.0,59653.359375,740288512.0,yfinance_public_historical
2026-06-29T03:00:00+00:00,BTC-USD,59663.0,60092.28125,59663.0,59942.828125,793997312.0,yfinance_public_historical
2026-06-29T04:00:00+00:00,BTC-USD,59948.4609375,59954.16015625,59645.0,59729.94921875,230713344.0,yfinance_public_historical
2026-06-29T05:00:00+00:00,BTC-USD,59743.0,60002.55859375,59290.5390625,60002.55859375,225832960.0,yfinance_public_historical
2026-06-29T06:00:00+00:00,BTC-USD,60012.69140625,60229.76953125,59952.359375,59983.2890625,642805760.0,yfinance_public_historical
2026-06-29T07:00:00+00:00,BTC-USD,59984.53125,60072.87109375,59830.55078125,59932.609375,182245376.0,yfinance_public_historical
2026-06-29T08:00:00+00:00,BTC-USD,59929.6484375,59993.12109375,59644.8984375,59740.37109375,490702848.0,yfinance_public_historical
2026-06-29T09:00:00+00:00,BTC-USD,59741.71875,60009.96875,59707.05078125,59968.19921875,603439104.0,yfinance_public_historical
2026-06-29T10:00:00+00:00,BTC-USD,59975.30859375,60219.8515625,59975.30859375,60000.78125,261091328.0,yfinance_public_historical
2026-06-29T11:00:00+00:00,BTC-USD,59996.671875,60091.7109375,59703.87890625,59870.91015625,448428032.0,yfinance_public_historical
2026-06-29T12:00:00+00:00,BTC-USD,59895.21875,60687.30078125,59533.578125,59857.66015625,2574807040.0,yfinance_public_historical
2026-06-29T13:00:00+00:00,BTC-USD,59865.0,60220.01171875,59231.28125,59455.55859375,1973649408.0,yfinance_public_historical
2026-06-29T14:00:00+00:00,BTC-USD,59459.12109375,59594.359375,58899.37890625,59348.71875,2392729600.0,yfinance_public_historical
2026-06-29T15:00:00+00:00,BTC-USD,59331.05078125,59828.69140625,58968.28125,59705.76171875,1329614848.0,yfinance_public_historical
2026-06-29T16:00:00+00:00,BTC-USD,59716.0390625,59857.19921875,59471.98828125,59784.91015625,83300352.0,yfinance_public_historical
2026-06-29T17:00:00+00:00,BTC-USD,59777.76953125,60570.46875,59775.8203125,60318.44921875,881305600.0,yfinance_public_historical
2026-06-29T18:00:00+00:00,BTC-USD,60298.16015625,60433.30078125,60091.3984375,60198.05078125,1005604864.0,yfinance_public_historical
2026-06-29T19:00:00+00:00,BTC-USD,60188.44140625,60454.0,60058.73828125,60331.28125,255422464.0,yfinance_public_historical
2026-06-29T20:00:00+00:00,BTC-USD,60327.140625,60453.66015625,60197.6796875,60197.6796875,110905344.0,yfinance_public_historical
2026-06-29T21:00:00+00:00,BTC-USD,60205.98828125,60490.80078125,60163.01953125,60390.921875,0.0,yfinance_public_historical
2026-06-29T22:00:00+00:00,BTC-USD,60390.0,60427.98828125,60250.98046875,60261.9609375,0.0,yfinance_public_historical
2026-06-29T23:00:00+00:00,BTC-USD,60258.08984375,60290.48828125,60116.2890625,60161.5390625,0.0,yfinance_public_historical
2026-06-30T00:00:00+00:00,BTC-USD,60152.37109375,60180.01171875,59596.9296875,59744.66015625,65521664.0,yfinance_public_historical
2026-06-30T01:00:00+00:00,BTC-USD,59753.12109375,59959.01953125,59684.73828125,59845.33984375,0.0,yfinance_public_historical
2026-06-30T02:00:00+00:00,BTC-USD,59853.9609375,59943.98828125,59649.98046875,59842.5703125,0.0,yfinance_public_historical
2026-06-30T03:00:00+00:00,BTC-USD,59842.5703125,59923.98046875,59488.0,59515.140625,173938688.0,yfinance_public_historical
2026-06-30T04:00:00+00:00,BTC-USD,59502.98828125,59590.5390625,59312.0,59385.2890625,650977280.0,yfinance_public_historical
2026-06-30T05:00:00+00:00,BTC-USD,59385.28125,59555.98828125,59252.890625,59545.328125,379592704.0,yfinance_public_historical
2026-06-30T06:00:00+00:00,BTC-USD,59551.37890625,59616.21875,59414.6484375,59493.98828125,219621376.0,yfinance_public_historical
2026-06-30T07:00:00+00:00,BTC-USD,59493.98046875,59533.98828125,59341.4609375,59430.01171875,170274816.0,yfinance_public_historical
2026-06-30T08:00:00+00:00,BTC-USD,59427.01171875,59456.6796875,59094.0,59208.859375,470360064.0,yfinance_public_historical
2026-06-30T09:00:00+00:00,BTC-USD,59195.01171875,59324.69921875,59152.921875,59276.01171875,0.0,yfinance_public_historical
2026-06-30T10:00:00+00:00,BTC-USD,59282.44921875,59323.3515625,59190.2890625,59238.12890625,940587008.0,yfinance_public_historical
2026-06-30T11:00:00+00:00,BTC-USD,59239.12109375,59314.01171875,59016.73828125,59076.8203125,172445696.0,yfinance_public_historical
2026-06-30T12:00:00+00:00,BTC-USD,59075.6484375,59081.98828125,58284.359375,58284.359375,0.0,yfinance_public_historical
2026-06-30T13:00:00+00:00,BTC-USD,58322.078125,58683.21875,58132.69921875,58630.01953125,604747776.0,yfinance_public_historical
2026-06-30T14:00:00+00:00,BTC-USD,58557.21875,59159.140625,58308.578125,58369.94921875,0.0,yfinance_public_historical
2026-06-30T15:00:00+00:00,BTC-USD,58362.25,58680.0,58076.8984375,58267.41015625,54192128.0,yfinance_public_historical
2026-06-30T16:00:00+00:00,BTC-USD,58273.6015625,58501.0390625,58146.48828125,58391.33984375,441067520.0,yfinance_public_historical
2026-06-30T17:00:00+00:00,BTC-USD,58393.71875,58506.28125,58215.51171875,58325.9609375,0.0,yfinance_public_historical
2026-06-30T18:00:00+00:00,BTC-USD,58325.94921875,58588.98828125,58255.12109375,58580.44921875,202768384.0,yfinance_public_historical
2026-06-30T19:00:00+00:00,BTC-USD,58572.05078125,58736.109375,58484.91015625,58726.3515625,334125056.0,yfinance_public_historical
2026-06-30T20:00:00+00:00,BTC-USD,58671.4609375,58785.73828125,58558.01171875,58630.890625,0.0,yfinance_public_historical
2026-06-30T21:00:00+00:00,BTC-USD,58630.859375,58673.48046875,58411.76953125,58541.55078125,288337920.0,yfinance_public_historical
2026-06-30T22:00:00+00:00,BTC-USD,58562.37109375,58696.62109375,58418.3515625,58513.921875,0.0,yfinance_public_historical
2026-06-30T23:00:00+00:00,BTC-USD,58509.55078125,58564.01171875,58453.9296875,58523.9296875,486479872.0,yfinance_public_historical
2026-07-01T00:00:00+00:00,BTC-USD,58541.55078125,58646.98046875,58213.4609375,58486.37109375,0.0,yfinance_public_historical
2026-07-01T01:00:00+00:00,BTC-USD,58486.8515625,58913.87109375,57720.73046875,58677.828125,1558396928.0,yfinance_public_historical
2026-07-01T02:00:00+00:00,BTC-USD,58686.30859375,59075.1796875,58575.98828125,58991.01171875,841719808.0,yfinance_public_historical
2026-07-01T03:00:00+00:00,BTC-USD,58994.3203125,59206.12109375,58750.83984375,59101.48828125,296198144.0,yfinance_public_historical
2026-07-01T04:00:00+00:00,BTC-USD,59096.26953125,59357.75,58969.921875,59237.640625,0.0,yfinance_public_historical
2026-07-01T05:00:00+00:00,BTC-USD,59237.640625,59289.01171875,59028.96875,59060.8984375,0.0,yfinance_public_historical
2026-07-01T06:00:00+00:00,BTC-USD,59064.12890625,59070.8203125,58446.1484375,58666.6484375,0.0,yfinance_public_historical
2026-07-01T07:00:00+00:00,BTC-USD,58687.94140625,58738.0,58514.75,58686.91015625,0.0,yfinance_public_historical
2026-07-01T08:00:00+00:00,BTC-USD,58680.8984375,58904.109375,58419.8984375,58894.01953125,0.0,yfinance_public_historical
2026-07-01T09:00:00+00:00,BTC-USD,58896.0,58990.0390625,58767.03125,58865.859375,257419264.0,yfinance_public_historical
2026-07-01T10:00:00+00:00,BTC-USD,58868.5390625,58868.5390625,58536.44921875,58577.41015625,269875200.0,yfinance_public_historical
2026-07-01T11:00:00+00:00,BTC-USD,58580.30859375,58673.76171875,58467.73046875,58536.73828125,0.0,yfinance_public_historical
2026-07-01T12:00:00+00:00,BTC-USD,58558.5,58589.12109375,58253.23046875,58451.3984375,0.0,yfinance_public_historical
2026-07-01T13:00:00+00:00,BTC-USD,58447.94140625,59433.0390625,58446.0,59433.0390625,0.0,yfinance_public_historical
2026-07-01T14:00:00+00:00,BTC-USD,59392.12890625,60016.0,59210.55078125,59464.890625,1430386688.0,yfinance_public_historical
2026-07-01T15:00:00+00:00,BTC-USD,59462.890625,60472.01953125,59446.01953125,60087.69921875,1287467008.0,yfinance_public_historical
2026-07-01T16:00:00+00:00,BTC-USD,60104.0,60178.0703125,59801.16015625,59856.9609375,0.0,yfinance_public_historical
2026-07-01T17:00:00+00:00,BTC-USD,59860.48046875,60175.03125,59720.0,60129.41015625,184954880.0,yfinance_public_historical
2026-07-01T18:00:00+00:00,BTC-USD,60123.51953125,60232.05859375,59958.3515625,60115.6796875,0.0,yfinance_public_historical
2026-07-01T19:00:00+00:00,BTC-USD,60104.76953125,60282.75,59937.078125,59965.1796875,87269376.0,yfinance_public_historical
2026-07-01T20:00:00+00:00,BTC-USD,59992.19921875,60117.94921875,59803.640625,60067.87109375,0.0,yfinance_public_historical
2026-07-01T21:00:00+00:00,BTC-USD,60069.76171875,60763.26171875,60059.6484375,60752.328125,1591775232.0,yfinance_public_historical
2026-07-01T22:00:00+00:00,BTC-USD,60748.3203125,61248.01171875,60289.01953125,60416.87890625,1772191744.0,yfinance_public_historical
2026-07-01T23:00:00+00:00,BTC-USD,60403.28125,60403.28125,59916.3203125,59963.44140625,0.0,yfinance_public_historical
2026-07-02T00:00:00+00:00,BTC-USD,59950.48828125,59964.0,59521.75,59682.5,1579261952.0,yfinance_public_historical
2026-07-02T01:00:00+00:00,BTC-USD,59689.46875,60252.03125,59650.21875,60112.25,0.0,yfinance_public_historical
2026-07-02T02:00:00+00:00,BTC-USD,60109.23046875,60416.0,59953.98046875,60353.87890625,221962240.0,yfinance_public_historical
2026-07-02T03:00:00+00:00,BTC-USD,60361.98828125,61042.421875,60236.91015625,60985.76953125,0.0,yfinance_public_historical
2026-07-02T04:00:00+00:00,BTC-USD,60979.19140625,60980.55078125,60658.0,60707.98828125,1351475200.0,yfinance_public_historical
2026-07-02T05:00:00+00:00,BTC-USD,60707.98828125,60794.01171875,60413.0,60425.98828125,736124928.0,yfinance_public_historical
2026-07-02T06:00:00+00:00,BTC-USD,60433.58984375,60570.98828125,60176.44921875,60190.01171875,104833024.0,yfinance_public_historical
2026-07-02T07:00:00+00:00,BTC-USD,60185.890625,60199.01171875,60026.37109375,60058.91015625,1167106048.0,yfinance_public_historical
2026-07-02T08:00:00+00:00,BTC-USD,60064.01171875,60472.0,60043.94921875,60436.0,49397760.0,yfinance_public_historical
2026-07-02T09:00:00+00:00,BTC-USD,60432.62109375,61330.01171875,60297.23046875,61096.640625,1578389504.0,yfinance_public_historical
2026-07-02T10:00:00+00:00,BTC-USD,61089.16015625,61276.140625,60961.75,61179.08984375,900554752.0,yfinance_public_historical
2026-07-02T11:00:00+00:00,BTC-USD,61180.98828125,61306.578125,61052.1484375,61287.37890625,604639232.0,yfinance_public_historical
2026-07-02T12:00:00+00:00,BTC-USD,61228.21875,61539.98828125,61085.51171875,61472.48046875,774189056.0,yfinance_public_historical
2026-07-02T13:00:00+00:00,BTC-USD,61488.76953125,61984.0,61438.0,61855.9296875,751341568.0,yfinance_public_historical
2026-07-02T14:00:00+00:00,BTC-USD,61873.828125,62128.671875,61331.87109375,61633.96875,0.0,yfinance_public_historical
2026-07-02T15:00:00+00:00,BTC-USD,61613.25,61765.12890625,61355.609375,61540.359375,0.0,yfinance_public_historical
2026-07-02T16:00:00+00:00,BTC-USD,61548.37109375,61742.05859375,61094.66015625,61621.98828125,86687744.0,yfinance_public_historical
2026-07-02T17:00:00+00:00,BTC-USD,61603.98046875,61883.0390625,61565.80078125,61604.62109375,548573184.0,yfinance_public_historical
2026-07-02T18:00:00+00:00,BTC-USD,61613.23828125,61807.94921875,61600.8984375,61699.16015625,248262656.0,yfinance_public_historical
2026-07-02T19:00:00+00:00,BTC-USD,61696.16015625,61700.7109375,61390.078125,61436.01171875,0.0,yfinance_public_historical
2026-07-02T20:00:00+00:00,BTC-USD,61446.08984375,61524.0,61269.0,61511.8203125,85016576.0,yfinance_public_historical
2026-07-02T21:00:00+00:00,BTC-USD,61517.01953125,61577.3203125,61443.19140625,61517.0703125,0.0,yfinance_public_historical
2026-07-02T22:00:00+00:00,BTC-USD,61498.1484375,61528.23046875,61364.44921875,61398.1484375,0.0,yfinance_public_historical
2026-07-02T23:00:00+00:00,BTC-USD,61376.01953125,61528.0,61275.58984375,61484.03125,0.0,yfinance_public_historical
2026-07-03T00:00:00+00:00,BTC-USD,61482.46875,61501.37890625,61162.7890625,61221.05859375,0.0,yfinance_public_historical
2026-07-03T01:00:00+00:00,BTC-USD,61220.921875,61647.76171875,61200.3203125,61503.578125,0.0,yfinance_public_historical
2026-07-03T02:00:00+00:00,BTC-USD,61513.01171875,61582.73828125,61217.26953125,61353.0390625,42131456.0,yfinance_public_historical
2026-07-03T03:00:00+00:00,BTC-USD,61340.8515625,61493.8203125,61240.3515625,61350.9296875,0.0,yfinance_public_historical
2026-07-03T04:00:00+00:00,BTC-USD,61350.9609375,61445.98046875,61254.5,61366.03125,0.0,yfinance_public_historical
2026-07-03T05:00:00+00:00,BTC-USD,61355.609375,61706.140625,61355.05078125,61623.2890625,0.0,yfinance_public_historical
2026-07-03T06:00:00+00:00,BTC-USD,61623.30078125,61770.0,61536.7109375,61631.12890625,0.0,yfinance_public_historical
2026-07-03T07:00:00+00:00,BTC-USD,61631.140625,61782.33984375,61584.58984375,61679.98828125,0.0,yfinance_public_historical
2026-07-03T08:00:00+00:00,BTC-USD,61681.58984375,61829.76953125,61478.01171875,61507.0390625,0.0,yfinance_public_historical
2026-07-03T09:00:00+00:00,BTC-USD,61510.37109375,61705.0,61443.8203125,61640.05078125,0.0,yfinance_public_historical
2026-07-03T10:00:00+00:00,BTC-USD,61636.9609375,61955.9296875,61597.66015625,61844.03125,0.0,yfinance_public_historical
2026-07-03T11:00:00+00:00,BTC-USD,61825.62109375,62009.6796875,61775.55859375,61949.171875,0.0,yfinance_public_historical
2026-07-03T12:00:00+00:00,BTC-USD,61948.0390625,62087.91015625,61797.359375,61904.828125,0.0,yfinance_public_historical
2026-07-03T13:00:00+00:00,BTC-USD,61920.3203125,62156.140625,61869.48828125,62051.1484375,0.0,yfinance_public_historical
2026-07-03T14:00:00+00:00,BTC-USD,62037.359375,62206.76171875,61645.98828125,62098.96875,0.0,yfinance_public_historical
2026-07-03T15:00:00+00:00,BTC-USD,62102.640625,62304.0,61753.44140625,61862.58984375,0.0,yfinance_public_historical
2026-07-03T16:00:00+00:00,BTC-USD,61867.87109375,62065.98828125,61854.171875,62040.01953125,0.0,yfinance_public_historical
2026-07-03T17:00:00+00:00,BTC-USD,62045.2890625,62228.30078125,62009.640625,62136.671875,0.0,yfinance_public_historical
2026-07-03T18:00:00+00:00,BTC-USD,62148.23828125,62188.1796875,62064.0,62149.98828125,0.0,yfinance_public_historical
2026-07-03T19:00:00+00:00,BTC-USD,62149.98828125,62256.0390625,62095.87890625,62151.328125,0.0,yfinance_public_historical
2026-07-03T20:00:00+00:00,BTC-USD,62164.12109375,62817.51953125,62131.48828125,62715.23046875,642357248.0,yfinance_public_historical
2026-07-03T21:00:00+00:00,BTC-USD,62727.828125,62872.05078125,62459.4296875,62669.3984375,0.0,yfinance_public_historical
2026-07-03T22:00:00+00:00,BTC-USD,62668.23046875,62684.55078125,62471.6484375,62512.80859375,957353984.0,yfinance_public_historical
2026-07-03T23:00:00+00:00,BTC-USD,62512.7890625,62644.30078125,62468.55859375,62554.140625,0.0,yfinance_public_historical
2026-07-04T00:00:00+00:00,BTC-USD,62520.23046875,62881.33984375,62518.140625,62693.98828125,322349056.0,yfinance_public_historical
2026-07-04T01:00:00+00:00,BTC-USD,62693.359375,62693.359375,62342.87109375,62403.51171875,195698688.0,yfinance_public_historical
2026-07-04T02:00:00+00:00,BTC-USD,62418.62890625,62520.01953125,62369.12109375,62481.94921875,0.0,yfinance_public_historical
2026-07-04T03:00:00+00:00,BTC-USD,62481.94921875,62674.01171875,62423.21875,62564.0390625,0.0,yfinance_public_historical
2026-07-04T04:00:00+00:00,BTC-USD,62564.0390625,62682.9296875,62533.23828125,62639.41015625,0.0,yfinance_public_historical
2026-07-04T05:00:00+00:00,BTC-USD,62625.609375,62625.609375,62381.0703125,62412.41015625,0.0,yfinance_public_historical
2026-07-04T06:00:00+00:00,BTC-USD,62412.3984375,62508.6015625,62274.16015625,62434.8203125,0.0,yfinance_public_historical
2026-07-04T07:00:00+00:00,BTC-USD,62434.8203125,62560.9609375,62404.5703125,62511.62890625,0.0,yfinance_public_historical
2026-07-04T08:00:00+00:00,BTC-USD,62511.640625,62607.94140625,62452.921875,62497.37890625,0.0,yfinance_public_historical
2026-07-04T09:00:00+00:00,BTC-USD,62502.4296875,62523.9609375,62351.73046875,62429.0390625,0.0,yfinance_public_historical
2026-07-04T10:00:00+00:00,BTC-USD,62429.0390625,62486.0,62383.73046875,62450.078125,0.0,yfinance_public_historical
2026-07-04T11:00:00+00:00,BTC-USD,62434.6796875,62498.0,62404.7890625,62428.51953125,0.0,yfinance_public_historical
2026-07-04T12:00:00+00:00,BTC-USD,62426.1015625,62630.69140625,62426.1015625,62604.671875,0.0,yfinance_public_historical
2026-07-04T13:00:00+00:00,BTC-USD,62604.66015625,62698.359375,62483.62109375,62538.0,0.0,yfinance_public_historical
2026-07-04T14:00:00+00:00,BTC-USD,62535.3984375,62680.4296875,62535.3984375,62644.8203125,0.0,yfinance_public_historical
2026-07-04T15:00:00+00:00,BTC-USD,62650.26953125,62956.8984375,62640.01171875,62881.21875,19519488.0,yfinance_public_historical
2026-07-04T16:00:00+00:00,BTC-USD,62885.8203125,62917.7890625,62730.359375,62865.87890625,0.0,yfinance_public_historical
2026-07-04T17:00:00+00:00,BTC-USD,62860.01171875,63356.12109375,62745.76171875,63221.1484375,509429760.0,yfinance_public_historical
2026-07-04T18:00:00+00:00,BTC-USD,63230.94140625,63291.19140625,63043.23046875,63113.3515625,459352064.0,yfinance_public_historical
2026-07-04T19:00:00+00:00,BTC-USD,63113.33984375,63398.73046875,63066.078125,63238.1796875,0.0,yfinance_public_historical
2026-07-04T20:00:00+00:00,BTC-USD,63232.41015625,63340.1796875,63103.05078125,63180.55859375,0.0,yfinance_public_historical
2026-07-04T21:00:00+00:00,BTC-USD,63187.8515625,63402.87109375,63151.4609375,63237.71875,0.0,yfinance_public_historical
2026-07-04T22:00:00+00:00,BTC-USD,63237.98828125,63258.33984375,63105.6015625,63127.6796875,0.0,yfinance_public_historical
2026-07-04T23:00:00+00:00,BTC-USD,63139.98828125,63181.5703125,62881.28125,63083.890625,129052672.0,yfinance_public_historical
2026-07-05T00:00:00+00:00,BTC-USD,63086.44921875,63086.4609375,62869.2890625,62930.55078125,0.0,yfinance_public_historical
2026-07-05T01:00:00+00:00,BTC-USD,62932.55859375,62986.73046875,62743.25,62831.6796875,0.0,yfinance_public_historical
2026-07-05T02:00:00+00:00,BTC-USD,62822.76171875,62859.71875,62550.51171875,62639.98046875,78422016.0,yfinance_public_historical
2026-07-05T03:00:00+00:00,BTC-USD,62641.03125,62738.30078125,62592.26171875,62711.2109375,0.0,yfinance_public_historical
2026-07-05T04:00:00+00:00,BTC-USD,62708.78125,62894.0703125,62658.01953125,62776.4296875,101457920.0,yfinance_public_historical
2026-07-05T05:00:00+00:00,BTC-USD,62747.5,62752.421875,62601.1015625,62679.01171875,0.0,yfinance_public_historical
2026-07-05T06:00:00+00:00,BTC-USD,62687.51171875,62769.26953125,62613.73046875,62722.05859375,0.0,yfinance_public_historical
2026-07-05T07:00:00+00:00,BTC-USD,62722.0703125,63001.37890625,62662.6015625,62958.44140625,0.0,yfinance_public_historical
2026-07-05T08:00:00+00:00,BTC-USD,62958.16015625,63041.4296875,62841.0703125,62858.3515625,0.0,yfinance_public_historical
2026-07-05T09:00:00+00:00,BTC-USD,62869.76953125,62876.75,62408.0,62569.5,105627648.0,yfinance_public_historical
2026-07-05T10:00:00+00:00,BTC-USD,62558.87109375,62701.8203125,62488.19921875,62700.7890625,86398976.0,yfinance_public_historical
2026-07-05T11:00:00+00:00,BTC-USD,62700.78125,62739.609375,62557.87109375,62575.6015625,84828160.0,yfinance_public_historical
2026-07-05T12:00:00+00:00,BTC-USD,62597.921875,62716.9609375,62512.98046875,62692.421875,225087488.0,yfinance_public_historical
2026-07-05T13:00:00+00:00,BTC-USD,62692.421875,62764.23046875,62600.6796875,62738.80859375,72845312.0,yfinance_public_historical
2026-07-05T14:00:00+00:00,BTC-USD,62738.80078125,62763.80078125,62600.0,62758.87109375,0.0,yfinance_public_historical
2026-07-05T15:00:00+00:00,BTC-USD,62758.87109375,62885.87890625,62621.25,62686.171875,0.0,yfinance_public_historical
2026-07-05T16:00:00+00:00,BTC-USD,62686.171875,62711.87109375,62542.55078125,62571.0,516942848.0,yfinance_public_historical
2026-07-05T17:00:00+00:00,BTC-USD,62582.51171875,62765.53125,62547.94140625,62571.3984375,0.0,yfinance_public_historical
2026-07-05T18:00:00+00:00,BTC-USD,62571.3984375,62814.0,62563.7890625,62764.58984375,0.0,yfinance_public_historical
2026-07-05T19:00:00+00:00,BTC-USD,62746.3984375,62823.8515625,62672.16015625,62716.7109375,0.0,yfinance_public_historical
2026-07-05T20:00:00+00:00,BTC-USD,62713.51171875,62781.41015625,62643.5,62673.9296875,0.0,yfinance_public_historical
2026-07-05T21:00:00+00:00,BTC-USD,62673.9296875,63163.3515625,62552.7890625,63034.921875,224936960.0,yfinance_public_historical
2026-07-05T22:00:00+00:00,BTC-USD,63019.96875,63848.51953125,62952.12109375,63682.0703125,1796741120.0,yfinance_public_historical
2026-07-05T23:00:00+00:00,BTC-USD,63674.0,63938.05078125,63508.0,63583.51953125,690151424.0,yfinance_public_historical
2026-07-06T00:00:00+00:00,BTC-USD,63581.19140625,63705.6484375,63294.0,63697.48046875,230195200.0,yfinance_public_historical
2026-07-06T01:00:00+00:00,BTC-USD,63696.94921875,63851.48046875,63483.87890625,63510.62890625,83992576.0,yfinance_public_historical
2026-07-06T02:00:00+00:00,BTC-USD,63508.19921875,63605.0703125,63305.3984375,63388.3203125,332650496.0,yfinance_public_historical
2026-07-06T03:00:00+00:00,BTC-USD,63385.859375,63432.12890625,63076.30078125,63232.33984375,442503168.0,yfinance_public_historical
2026-07-06T04:00:00+00:00,BTC-USD,63232.109375,63329.0,63121.51953125,63206.76171875,582404096.0,yfinance_public_historical
2026-07-06T05:00:00+00:00,BTC-USD,63199.21875,63207.98828125,62896.03125,63048.44140625,576561152.0,yfinance_public_historical
2026-07-06T06:00:00+00:00,BTC-USD,63048.87890625,63084.55078125,62913.5703125,62917.98046875,337324032.0,yfinance_public_historical
2026-07-06T07:00:00+00:00,BTC-USD,62915.16015625,63053.75,62822.0390625,63024.26953125,168265728.0,yfinance_public_historical
2026-07-06T08:00:00+00:00,BTC-USD,63024.26953125,63175.578125,62768.48828125,62833.37890625,0.0,yfinance_public_historical
2026-07-06T09:00:00+00:00,BTC-USD,62833.37890625,62851.171875,62564.05078125,62597.66015625,720941056.0,yfinance_public_historical
2026-07-06T10:00:00+00:00,BTC-USD,62597.66015625,62970.890625,62591.69921875,62756.26953125,0.0,yfinance_public_historical
2026-07-06T11:00:00+00:00,BTC-USD,62765.48828125,62934.0,62421.8515625,62421.8515625,685877248.0,yfinance_public_historical
2026-07-06T12:00:00+00:00,BTC-USD,62412.0,62412.0,61610.96875,61691.80859375,2682660864.0,yfinance_public_historical
2026-07-06T13:00:00+00:00,BTC-USD,61675.44921875,61982.25,61268.37109375,61710.359375,3159451648.0,yfinance_public_historical
2026-07-06T14:00:00+00:00,BTC-USD,61702.94921875,62330.6015625,61664.921875,61992.48828125,2389997568.0,yfinance_public_historical
2026-07-06T15:00:00+00:00,BTC-USD,61999.98828125,63510.7109375,61997.76171875,63489.828125,2379450368.0,yfinance_public_historical
2026-07-06T16:00:00+00:00,BTC-USD,63512.05078125,63808.9296875,63352.5,63691.23046875,3002511360.0,yfinance_public_historical
2026-07-06T17:00:00+00:00,BTC-USD,63681.62890625,63896.37109375,63524.01171875,63536.16015625,849530880.0,yfinance_public_historical
2026-07-06T18:00:00+00:00,BTC-USD,63545.76953125,63832.01953125,63511.44921875,63650.0,573980672.0,yfinance_public_historical
2026-07-06T19:00:00+00:00,BTC-USD,63652.08984375,63848.55859375,63610.05078125,63681.8984375,158543872.0,yfinance_public_historical
2026-07-06T20:00:00+00:00,BTC-USD,63692.96875,63850.03125,63539.69921875,63784.6015625,351186944.0,yfinance_public_historical
2026-07-06T21:00:00+00:00,BTC-USD,63784.6015625,64596.55078125,63764.80078125,64440.0390625,1361907712.0,yfinance_public_historical
2026-07-06T22:00:00+00:00,BTC-USD,64438.01171875,64438.01171875,64104.55078125,64197.62890625,0.0,yfinance_public_historical
2026-07-06T23:00:00+00:00,BTC-USD,64197.8203125,64285.5,63979.80078125,64001.83984375,0.0,yfinance_public_historical
2026-07-07T00:00:00+00:00,BTC-USD,64006.01171875,64272.921875,63975.4296875,64153.7890625,0.0,yfinance_public_historical
2026-07-07T01:00:00+00:00,BTC-USD,64145.23828125,64145.23828125,63744.01953125,63796.44140625,201445376.0,yfinance_public_historical
2026-07-07T02:00:00+00:00,BTC-USD,63788.55078125,63855.4296875,63249.33984375,63280.26953125,126971904.0,yfinance_public_historical
2026-07-07T03:00:00+00:00,BTC-USD,63276.48828125,63362.7109375,63101.01953125,63140.03125,383225856.0,yfinance_public_historical
2026-07-07T04:00:00+00:00,BTC-USD,63132.8984375,63229.98828125,63010.390625,63048.37890625,360407040.0,yfinance_public_historical
2026-07-07T05:00:00+00:00,BTC-USD,63048.37890625,63213.0,62745.91015625,63075.3203125,0.0,yfinance_public_historical
2026-07-07T06:00:00+00:00,BTC-USD,63073.48828125,63342.5390625,62937.12890625,63285.0,587661312.0,yfinance_public_historical
2026-07-07T07:00:00+00:00,BTC-USD,63283.01953125,63387.91015625,63024.8515625,63035.4609375,204738560.0,yfinance_public_historical
2026-07-07T08:00:00+00:00,BTC-USD,63047.671875,63134.16015625,62955.828125,63045.73828125,0.0,yfinance_public_historical
2026-07-07T09:00:00+00:00,BTC-USD,63045.73828125,63274.83984375,63002.55859375,63187.8984375,17764352.0,yfinance_public_historical
2026-07-07T10:00:00+00:00,BTC-USD,63198.37890625,63400.98828125,63173.859375,63222.921875,0.0,yfinance_public_historical
2026-07-07T11:00:00+00:00,BTC-USD,63172.76953125,63388.98828125,63060.12890625,63345.58984375,0.0,yfinance_public_historical
2026-07-07T12:00:00+00:00,BTC-USD,63345.26171875,63797.12890625,63333.0,63418.30078125,0.0,yfinance_public_historical
2026-07-07T13:00:00+00:00,BTC-USD,63409.98828125,63415.9609375,62929.578125,62973.55859375,0.0,yfinance_public_historical
2026-07-07T14:00:00+00:00,BTC-USD,62980.0,63557.69140625,62609.94921875,63506.8984375,145612800.0,yfinance_public_historical
2026-07-07T15:00:00+00:00,BTC-USD,63477.69921875,64050.25,63316.01953125,63878.109375,0.0,yfinance_public_historical
2026-07-07T16:00:00+00:00,BTC-USD,63890.73828125,64198.19921875,63760.01171875,63936.87109375,0.0,yfinance_public_historical
2026-07-07T17:00:00+00:00,BTC-USD,63923.98828125,64189.55859375,63848.25,64135.98828125,0.0,yfinance_public_historical
2026-07-07T18:00:00+00:00,BTC-USD,64122.3203125,64126.53125,63632.03125,63632.03125,373235712.0,yfinance_public_historical
2026-07-07T19:00:00+00:00,BTC-USD,63653.66015625,63846.37109375,63334.01171875,63752.01171875,936026112.0,yfinance_public_historical
2026-07-07T20:00:00+00:00,BTC-USD,63793.7890625,63863.69140625,63566.69921875,63655.94921875,0.0,yfinance_public_historical
2026-07-07T21:00:00+00:00,BTC-USD,63659.30859375,63817.5,63296.7109375,63388.91015625,0.0,yfinance_public_historical
2026-07-07T22:00:00+00:00,BTC-USD,63382.25,63613.12890625,63190.37109375,63505.0703125,0.0,yfinance_public_historical
2026-07-07T23:00:00+00:00,BTC-USD,63502.23046875,63670.69140625,63275.98828125,63325.01171875,0.0,yfinance_public_historical
2026-07-08T00:00:00+00:00,BTC-USD,63322.05859375,63696.2109375,63269.26953125,63571.75,96026624.0,yfinance_public_historical
2026-07-08T01:00:00+00:00,BTC-USD,63572.30859375,63604.51171875,62886.5,62992.421875,287655936.0,yfinance_public_historical
2026-07-08T02:00:00+00:00,BTC-USD,62978.5703125,63010.33984375,62487.0390625,62936.359375,743124992.0,yfinance_public_historical
2026-07-08T03:00:00+00:00,BTC-USD,62955.890625,63049.21875,62651.66015625,62718.58984375,0.0,yfinance_public_historical
2026-07-08T04:00:00+00:00,BTC-USD,62714.0390625,62857.640625,62632.3515625,62748.16015625,0.0,yfinance_public_historical
2026-07-08T05:00:00+00:00,BTC-USD,62744.30859375,62821.5,62499.98828125,62588.76171875,0.0,yfinance_public_historical
2026-07-08T06:00:00+00:00,BTC-USD,62584.19921875,62693.01953125,62427.7890625,62605.8984375,0.0,yfinance_public_historical
2026-07-08T07:00:00+00:00,BTC-USD,62615.08984375,62845.98828125,62493.578125,62834.44140625,0.0,yfinance_public_historical
2026-07-08T08:00:00+00:00,BTC-USD,62811.53125,62887.01953125,61834.3984375,61950.21875,1443497984.0,yfinance_public_historical
2026-07-08T09:00:00+00:00,BTC-USD,61945.3984375,62110.4296875,61683.6796875,62001.80859375,1313728512.0,yfinance_public_historical
2026-07-08T10:00:00+00:00,BTC-USD,62019.390625,62131.62109375,61844.2109375,62128.01171875,298932224.0,yfinance_public_historical
2026-07-08T11:00:00+00:00,BTC-USD,62117.05859375,62331.05859375,62000.0,62245.44140625,259733504.0,yfinance_public_historical
2026-07-08T12:00:00+00:00,BTC-USD,62249.3203125,62360.5,61895.98046875,61895.98046875,0.0,yfinance_public_historical
2026-07-08T13:00:00+00:00,BTC-USD,61900.2109375,62028.62109375,61565.359375,61871.6484375,0.0,yfinance_public_historical
2026-07-08T14:00:00+00:00,BTC-USD,61872.578125,62113.5,61642.609375,61826.44140625,0.0,yfinance_public_historical
2026-07-08T15:00:00+00:00,BTC-USD,61838.1015625,61848.0,61470.921875,61632.8984375,0.0,yfinance_public_historical
2026-07-08T16:00:00+00:00,BTC-USD,61638.1796875,62087.640625,61622.0,62045.7890625,0.0,yfinance_public_historical
2026-07-08T17:00:00+00:00,BTC-USD,62042.01171875,62340.55078125,61966.6796875,62041.98828125,0.0,yfinance_public_historical
2026-07-08T18:00:00+00:00,BTC-USD,62050.05859375,62302.0,61982.5703125,62126.23046875,0.0,yfinance_public_historical
2026-07-08T19:00:00+00:00,BTC-USD,62137.9609375,62237.2890625,62012.5,62229.0703125,0.0,yfinance_public_historical
2026-07-08T20:00:00+00:00,BTC-USD,62199.1015625,62260.73046875,62035.6484375,62059.55859375,0.0,yfinance_public_historical
2026-07-08T21:00:00+00:00,BTC-USD,62060.37109375,62186.4296875,61912.05078125,62132.1015625,163348480.0,yfinance_public_historical
2026-07-08T22:00:00+00:00,BTC-USD,62140.96875,62289.48828125,62123.98828125,62283.3515625,0.0,yfinance_public_historical
2026-07-08T23:00:00+00:00,BTC-USD,62283.3515625,62299.890625,62119.01953125,62237.69921875,0.0,yfinance_public_historical
2026-07-09T00:00:00+00:00,BTC-USD,62237.7109375,62263.58984375,62006.5703125,62084.53125,0.0,yfinance_public_historical
2026-07-09T01:00:00+00:00,BTC-USD,62084.03125,62584.0,61808.0,61856.6484375,0.0,yfinance_public_historical
2026-07-09T02:00:00+00:00,BTC-USD,61874.5703125,62070.421875,61638.0,61723.53125,0.0,yfinance_public_historical
2026-07-09T03:00:00+00:00,BTC-USD,61735.01171875,62007.69921875,61675.30078125,61913.98828125,266387456.0,yfinance_public_historical
2026-07-09T04:00:00+00:00,BTC-USD,61941.8984375,62402.66015625,61903.19140625,62402.01171875,0.0,yfinance_public_historical
2026-07-09T05:00:00+00:00,BTC-USD,62389.3984375,62555.8984375,62183.80859375,62537.390625,347435008.0,yfinance_public_historical
2026-07-09T06:00:00+00:00,BTC-USD,62542.48828125,62904.73046875,62430.6796875,62902.0,494761984.0,yfinance_public_historical
2026-07-09T07:00:00+00:00,BTC-USD,62892.609375,63147.98828125,62739.98046875,62947.26171875,737040384.0,yfinance_public_historical
2026-07-09T08:00:00+00:00,BTC-USD,62953.98046875,63028.83984375,62794.12109375,62839.98828125,0.0,yfinance_public_historical
2026-07-09T09:00:00+00:00,BTC-USD,62836.859375,62940.91015625,62730.87109375,62894.28125,0.0,yfinance_public_historical
2026-07-09T10:00:00+00:00,BTC-USD,62888.7109375,62992.9609375,62634.37890625,62722.51953125,0.0,yfinance_public_historical
2026-07-09T11:00:00+00:00,BTC-USD,62722.51953125,62771.2890625,62549.5390625,62718.96875,0.0,yfinance_public_historical
2026-07-09T12:00:00+00:00,BTC-USD,62699.578125,62896.0,62404.98828125,62551.0,1863593984.0,yfinance_public_historical
2026-07-09T13:00:00+00:00,BTC-USD,62562.0,63161.0,62460.0,62968.1484375,0.0,yfinance_public_historical
2026-07-09T14:00:00+00:00,BTC-USD,62992.96875,63073.671875,62602.44921875,62955.69140625,0.0,yfinance_public_historical
2026-07-09T15:00:00+00:00,BTC-USD,62970.1484375,63191.828125,62748.33984375,62805.80859375,0.0,yfinance_public_historical
2026-07-09T16:00:00+00:00,BTC-USD,62806.87890625,62947.69921875,62503.9609375,62629.8984375,0.0,yfinance_public_historical
2026-07-09T17:00:00+00:00,BTC-USD,62645.921875,63103.26953125,62613.890625,63088.25,0.0,yfinance_public_historical
2026-07-09T18:00:00+00:00,BTC-USD,63099.609375,63439.28125,63020.98828125,63166.2890625,1170317312.0,yfinance_public_historical
2026-07-09T19:00:00+00:00,BTC-USD,63175.66015625,63325.390625,63100.0,63188.30859375,0.0,yfinance_public_historical
2026-07-09T20:00:00+00:00,BTC-USD,63205.0,63275.87109375,63124.01953125,63257.5,0.0,yfinance_public_historical
2026-07-09T21:00:00+00:00,BTC-USD,63270.0,63346.51953125,63155.23828125,63223.69140625,0.0,yfinance_public_historical
2026-07-09T22:00:00+00:00,BTC-USD,63223.69921875,63369.98046875,63160.8203125,63169.76171875,0.0,yfinance_public_historical
2026-07-09T23:00:00+00:00,BTC-USD,63169.76171875,63276.01171875,63008.25,63175.25,483547136.0,yfinance_public_historical
2026-07-10T00:00:00+00:00,BTC-USD,63170.96875,63202.921875,62880.890625,63058.16015625,0.0,yfinance_public_historical
2026-07-10T01:00:00+00:00,BTC-USD,63070.109375,63887.7109375,62901.78125,63699.98828125,200876032.0,yfinance_public_historical
2026-07-10T02:00:00+00:00,BTC-USD,63717.01953125,63991.4296875,63638.71875,63911.25,690274304.0,yfinance_public_historical
2026-07-10T03:00:00+00:00,BTC-USD,63911.25,63991.390625,63772.58984375,63899.98828125,0.0,yfinance_public_historical
2026-07-10T04:00:00+00:00,BTC-USD,63911.23828125,64127.46875,63807.6484375,64004.03125,324382720.0,yfinance_public_historical
2026-07-10T05:00:00+00:00,BTC-USD,64004.03125,64151.58984375,63900.0,64076.23046875,853338112.0,yfinance_public_historical
2026-07-10T06:00:00+00:00,BTC-USD,64078.78125,64118.33984375,63789.6484375,63812.03125,18575360.0,yfinance_public_historical
2026-07-10T07:00:00+00:00,BTC-USD,63820.12109375,63975.71875,63763.98046875,63932.71875,0.0,yfinance_public_historical
2026-07-10T08:00:00+00:00,BTC-USD,63938.1484375,64344.98046875,63931.0,64201.5390625,0.0,yfinance_public_historical
2026-07-10T09:00:00+00:00,BTC-USD,64187.37109375,64438.01171875,64057.5,64341.83984375,0.0,yfinance_public_historical
2026-07-10T10:00:00+00:00,BTC-USD,64341.828125,64446.83984375,64232.23828125,64355.3203125,144955392.0,yfinance_public_historical
2026-07-10T11:00:00+00:00,BTC-USD,64360.5390625,64435.66015625,64294.359375,64379.0390625,0.0,yfinance_public_historical
2026-07-10T12:00:00+00:00,BTC-USD,64390.94140625,64564.3984375,64222.2109375,64239.0,0.0,yfinance_public_historical
2026-07-10T13:00:00+00:00,BTC-USD,64241.44921875,64659.98828125,64094.8984375,64438.37890625,37197824.0,yfinance_public_historical
2026-07-10T14:00:00+00:00,BTC-USD,64420.33984375,64469.171875,63784.0,63862.87109375,1036816384.0,yfinance_public_historical
2026-07-10T15:00:00+00:00,BTC-USD,63848.6796875,64154.3515625,63841.80859375,63950.5703125,0.0,yfinance_public_historical
2026-07-10T16:00:00+00:00,BTC-USD,63977.55078125,64166.48828125,63770.76171875,64085.80078125,305817600.0,yfinance_public_historical
2026-07-10T17:00:00+00:00,BTC-USD,64072.48046875,64100.01953125,63771.5390625,63773.421875,0.0,yfinance_public_historical
2026-07-10T18:00:00+00:00,BTC-USD,63779.28125,63926.9609375,63691.4609375,63760.3203125,0.0,yfinance_public_historical
2026-07-10T19:00:00+00:00,BTC-USD,63736.3984375,64003.44140625,63724.328125,63876.25,6465536.0,yfinance_public_historical
2026-07-10T20:00:00+00:00,BTC-USD,63892.01171875,63892.01171875,63621.3515625,63788.75,1511383040.0,yfinance_public_historical
2026-07-10T21:00:00+00:00,BTC-USD,63788.76171875,64039.19921875,63780.078125,63970.390625,0.0,yfinance_public_historical
2026-07-10T22:00:00+00:00,BTC-USD,63961.6015625,64121.921875,63935.01953125,64068.69921875,115216384.0,yfinance_public_historical
2026-07-10T23:00:00+00:00,BTC-USD,64068.87109375,64174.41015625,63974.890625,64128.48828125,299245568.0,yfinance_public_historical
2026-07-11T00:00:00+00:00,BTC-USD,64125.28125,64130.37890625,63992.48828125,64076.69140625,0.0,yfinance_public_historical
2026-07-11T01:00:00+00:00,BTC-USD,64076.5390625,64260.55859375,63963.359375,63970.46875,0.0,yfinance_public_historical
2026-07-11T02:00:00+00:00,BTC-USD,63973.73046875,64128.859375,63940.33984375,64116.98046875,0.0,yfinance_public_historical
2026-07-11T03:00:00+00:00,BTC-USD,64114.390625,64153.98046875,64027.73828125,64107.6796875,0.0,yfinance_public_historical
2026-07-11T04:00:00+00:00,BTC-USD,64107.671875,64165.75,64036.83984375,64111.33984375,0.0,yfinance_public_historical
2026-07-11T05:00:00+00:00,BTC-USD,64111.33984375,64180.03125,64069.98828125,64125.37890625,0.0,yfinance_public_historical
2026-07-11T06:00:00+00:00,BTC-USD,64125.37890625,64230.98828125,64075.05078125,64169.578125,0.0,yfinance_public_historical
2026-07-11T07:00:00+00:00,BTC-USD,64167.421875,64206.01953125,64102.890625,64111.58984375,0.0,yfinance_public_historical
2026-07-11T08:00:00+00:00,BTC-USD,64111.58984375,64256.01171875,64100.46875,64216.87109375,0.0,yfinance_public_historical
2026-07-11T09:00:00+00:00,BTC-USD,64216.87109375,64249.62890625,64097.19140625,64107.6796875,0.0,yfinance_public_historical
2026-07-11T10:00:00+00:00,BTC-USD,64114.3515625,64142.73046875,64083.0703125,64138.078125,0.0,yfinance_public_historical
2026-07-11T11:00:00+00:00,BTC-USD,64141.2890625,64161.19921875,64116.0,64145.26953125,0.0,yfinance_public_historical
2026-07-11T12:00:00+00:00,BTC-USD,64145.26953125,64183.1015625,64081.08984375,64141.46875,0.0,yfinance_public_historical
2026-07-11T13:00:00+00:00,BTC-USD,64141.46875,64219.96875,64114.96875,64195.03125,0.0,yfinance_public_historical
2026-07-11T14:00:00+00:00,BTC-USD,64195.03125,64453.19921875,64195.03125,64297.671875,0.0,yfinance_public_historical
2026-07-11T15:00:00+00:00,BTC-USD,64300.890625,64427.98828125,63964.0,64120.171875,14603264.0,yfinance_public_historical
2026-07-11T16:00:00+00:00,BTC-USD,64120.171875,64217.05078125,64038.51953125,64132.71875,0.0,yfinance_public_historical
2026-07-11T17:00:00+00:00,BTC-USD,64132.71875,64350.01171875,64114.9609375,64271.48046875,0.0,yfinance_public_historical
2026-07-11T18:00:00+00:00,BTC-USD,64265.51953125,64345.69140625,64239.359375,64281.98828125,0.0,yfinance_public_historical
2026-07-11T19:00:00+00:00,BTC-USD,64281.98828125,64299.96875,64187.76171875,64245.98828125,0.0,yfinance_public_historical
2026-07-11T20:00:00+00:00,BTC-USD,64245.98828125,64416.98046875,64241.58984375,64337.109375,0.0,yfinance_public_historical
2026-07-11T21:00:00+00:00,BTC-USD,64337.109375,64385.921875,64293.05859375,64310.37890625,0.0,yfinance_public_historical
2026-07-11T22:00:00+00:00,BTC-USD,64310.37890625,64383.25,64100.5703125,64158.078125,0.0,yfinance_public_historical
2026-07-11T23:00:00+00:00,BTC-USD,64158.0703125,64208.69140625,63773.05078125,63773.05078125,409771008.0,yfinance_public_historical
2026-07-12T00:00:00+00:00,BTC-USD,63773.6015625,63870.1796875,63667.23828125,63783.71875,1519595520.0,yfinance_public_historical
2026-07-12T01:00:00+00:00,BTC-USD,63789.8515625,64132.28125,63770.91015625,64085.26171875,385587200.0,yfinance_public_historical
2026-07-12T02:00:00+00:00,BTC-USD,64085.26171875,64091.8203125,63988.01171875,64031.23828125,370010112.0,yfinance_public_historical
2026-07-12T03:00:00+00:00,BTC-USD,64031.23828125,64179.359375,63991.19921875,64179.359375,505279488.0,yfinance_public_historical
2026-07-12T04:00:00+00:00,BTC-USD,64179.140625,64198.671875,63899.5703125,63962.0703125,235947008.0,yfinance_public_historical
2026-07-12T05:00:00+00:00,BTC-USD,63962.0703125,63983.62109375,63860.6796875,63925.6796875,0.0,yfinance_public_historical
2026-07-12T06:00:00+00:00,BTC-USD,63919.2890625,63921.48046875,63601.30078125,63714.75,489414656.0,yfinance_public_historical
2026-07-12T07:00:00+00:00,BTC-USD,63714.75,63857.98828125,63695.21875,63843.69921875,54304768.0,yfinance_public_historical
2026-07-12T08:00:00+00:00,BTC-USD,63843.69921875,64056.03125,63837.30078125,63940.078125,1289691136.0,yfinance_public_historical
2026-07-12T09:00:00+00:00,BTC-USD,63941.44140625,63998.46875,63722.76171875,63915.19921875,2463199232.0,yfinance_public_historical
2026-07-12T10:00:00+00:00,BTC-USD,63915.19921875,63915.19921875,63795.46875,63812.0,284975104.0,yfinance_public_historical
2026-07-12T11:00:00+00:00,BTC-USD,63816.46875,63979.80078125,63777.12109375,63966.5390625,0.0,yfinance_public_historical
2026-07-12T12:00:00+00:00,BTC-USD,63940.98046875,64082.80859375,63929.3203125,63982.16015625,0.0,yfinance_public_historical
2026-07-12T13:00:00+00:00,BTC-USD,63982.171875,64053.078125,63951.16015625,63980.53125,0.0,yfinance_public_historical
2026-07-12T14:00:00+00:00,BTC-USD,63980.51953125,64205.3203125,63918.3984375,64158.640625,0.0,yfinance_public_historical
2026-07-12T15:00:00+00:00,BTC-USD,64155.4296875,64213.6015625,64075.98828125,64136.51953125,0.0,yfinance_public_historical
2026-07-12T16:00:00+00:00,BTC-USD,64137.62109375,64170.578125,64013.05078125,64131.7890625,0.0,yfinance_public_historical
2026-07-12T17:00:00+00:00,BTC-USD,64131.78125,64138.66015625,63991.19921875,64034.91015625,0.0,yfinance_public_historical
2026-07-12T18:00:00+00:00,BTC-USD,64037.05859375,64112.44140625,63975.62890625,64109.19140625,1302528.0,yfinance_public_historical
2026-07-12T19:00:00+00:00,BTC-USD,64109.19921875,64219.98046875,64104.46875,64193.87109375,0.0,yfinance_public_historical
2026-07-12T20:00:00+00:00,BTC-USD,64193.87109375,64216.44140625,64131.12109375,64161.75,0.0,yfinance_public_historical
2026-07-12T21:00:00+00:00,BTC-USD,64161.73828125,64198.26953125,63851.48046875,63883.78125,222574592.0,yfinance_public_historical
2026-07-12T22:00:00+00:00,BTC-USD,63796.48828125,63890.4296875,63625.0,63846.05859375,321884160.0,yfinance_public_historical
2026-07-12T23:00:00+00:00,BTC-USD,63842.41015625,63874.21875,63688.0,63740.3203125,0.0,yfinance_public_historical
2026-07-13T00:00:00+00:00,BTC-USD,63734.03125,64337.73828125,63520.01171875,64024.78125,0.0,yfinance_public_historical
2026-07-13T01:00:00+00:00,BTC-USD,64015.390625,64015.390625,63361.48828125,63368.76171875,290564096.0,yfinance_public_historical
2026-07-13T02:00:00+00:00,BTC-USD,63327.05859375,63495.94921875,63199.8984375,63322.640625,612128768.0,yfinance_public_historical
2026-07-13T03:00:00+00:00,BTC-USD,63326.94140625,63335.3515625,62691.73046875,62758.578125,564303872.0,yfinance_public_historical
2026-07-13T04:00:00+00:00,BTC-USD,62725.87109375,62852.9609375,62597.51171875,62624.44921875,276889600.0,yfinance_public_historical
2026-07-13T05:00:00+00:00,BTC-USD,62633.109375,62858.3515625,62470.46875,62749.859375,719075328.0,yfinance_public_historical
2026-07-13T06:00:00+00:00,BTC-USD,62773.51171875,62821.55859375,62662.55078125,62744.48046875,0.0,yfinance_public_historical
2026-07-13T07:00:00+00:00,BTC-USD,62758.48828125,63008.62109375,62695.51171875,62935.5703125,942792704.0,yfinance_public_historical
2026-07-13T08:00:00+00:00,BTC-USD,62935.9609375,63219.30859375,62881.0390625,63142.5,324892672.0,yfinance_public_historical
2026-07-13T09:00:00+00:00,BTC-USD,63131.5,63139.671875,63021.71875,63040.55859375,0.0,yfinance_public_historical
2026-07-13T10:00:00+00:00,BTC-USD,63039.0,63076.98828125,62794.87890625,62801.7890625,437700608.0,yfinance_public_historical
2026-07-13T11:00:00+00:00,BTC-USD,62811.0,63067.73046875,62811.0,62842.98046875,300711936.0,yfinance_public_historical
2026-07-13T12:00:00+00:00,BTC-USD,62847.51171875,62910.828125,62505.859375,62561.5,783476736.0,yfinance_public_historical
2026-07-13T13:00:00+00:00,BTC-USD,62553.98828125,62698.4296875,62090.359375,62249.3203125,1643718656.0,yfinance_public_historical
2026-07-13T14:00:00+00:00,BTC-USD,62237.0,62722.01171875,62039.12109375,62713.05859375,2375000064.0,yfinance_public_historical
2026-07-13T15:00:00+00:00,BTC-USD,62720.578125,62901.87890625,62500.8203125,62555.98046875,826023936.0,yfinance_public_historical
2026-07-13T16:00:00+00:00,BTC-USD,62554.80078125,62559.62109375,62141.53125,62204.80078125,1329143808.0,yfinance_public_historical
2026-07-13T17:00:00+00:00,BTC-USD,62207.44140625,62293.3984375,61826.609375,61829.0,949397504.0,yfinance_public_historical
2026-07-13T18:00:00+00:00,BTC-USD,61831.03125,62029.9609375,61750.8984375,61945.0703125,1098096640.0,yfinance_public_historical
2026-07-13T19:00:00+00:00,BTC-USD,61951.55859375,62221.94921875,61912.5,62215.1484375,421785600.0,yfinance_public_historical
2026-07-13T20:00:00+00:00,BTC-USD,62189.53125,62261.51171875,61994.4296875,62141.0,170680320.0,yfinance_public_historical
2026-07-13T21:00:00+00:00,BTC-USD,62147.859375,62157.140625,61836.26953125,61994.0,321966080.0,yfinance_public_historical
2026-07-13T22:00:00+00:00,BTC-USD,62002.44140625,62159.26171875,61827.98828125,61840.890625,6693955584.0,yfinance_public_historical
2026-07-13T23:00:00+00:00,BTC-USD,61843.41015625,62271.5703125,61799.30859375,62264.94140625,103223296.0,yfinance_public_historical
2026-07-14T00:00:00+00:00,BTC-USD,62276.87109375,62592.7109375,62191.140625,62481.0,0.0,yfinance_public_historical
2026-07-14T01:00:00+00:00,BTC-USD,62486.9296875,62569.98828125,62385.0390625,62459.4609375,0.0,yfinance_public_historical
2026-07-14T02:00:00+00:00,BTC-USD,62459.44921875,62568.30859375,62252.30078125,62471.4296875,0.0,yfinance_public_historical
2026-07-14T03:00:00+00:00,BTC-USD,62477.94921875,62532.55859375,62240.76171875,62501.51953125,0.0,yfinance_public_historical
2026-07-14T04:00:00+00:00,BTC-USD,62500.01171875,62700.0,62466.41015625,62673.76171875,0.0,yfinance_public_historical
2026-07-14T05:00:00+00:00,BTC-USD,62660.3984375,62806.0,62622.48046875,62654.01171875,0.0,yfinance_public_historical
2026-07-14T06:00:00+00:00,BTC-USD,62644.0,62695.171875,62498.19140625,62543.8203125,178616320.0,yfinance_public_historical
2026-07-14T07:00:00+00:00,BTC-USD,62541.140625,62575.08984375,62427.30078125,62467.62890625,0.0,yfinance_public_historical
2026-07-14T08:00:00+00:00,BTC-USD,62464.3203125,62721.921875,62425.94140625,62631.30859375,0.0,yfinance_public_historical
2026-07-14T09:00:00+00:00,BTC-USD,62633.8203125,62663.0390625,62456.9609375,62554.05078125,110671872.0,yfinance_public_historical
2026-07-14T10:00:00+00:00,BTC-USD,62557.05859375,62830.9609375,62535.03125,62725.6015625,0.0,yfinance_public_historical
2026-07-14T11:00:00+00:00,BTC-USD,62728.2109375,62840.62109375,62641.98828125,62769.76171875,82696192.0,yfinance_public_historical
2026-07-14T12:00:00+00:00,BTC-USD,62784.46875,63888.0,62710.87890625,63884.7890625,1951109120.0,yfinance_public_historical
2026-07-14T13:00:00+00:00,BTC-USD,63885.30078125,64083.4296875,63638.23828125,63780.01171875,633546752.0,yfinance_public_historical
2026-07-14T14:00:00+00:00,BTC-USD,63774.98046875,64255.609375,63539.8984375,64249.1796875,0.0,yfinance_public_historical
2026-07-14T15:00:00+00:00,BTC-USD,64244.171875,64878.87109375,64143.828125,64688.94140625,1854179328.0,yfinance_public_historical
2026-07-14T16:00:00+00:00,BTC-USD,64728.0390625,64855.03125,64604.71875,64688.69140625,780318720.0,yfinance_public_historical
2026-07-14T17:00:00+00:00,BTC-USD,64690.58984375,64690.58984375,64277.58984375,64586.359375,246996992.0,yfinance_public_historical
2026-07-14T18:00:00+00:00,BTC-USD,64589.37109375,64615.48828125,64441.87109375,64532.94140625,0.0,yfinance_public_historical
2026-07-14T19:00:00+00:00,BTC-USD,64533.41015625,64672.46875,64447.37890625,64534.05078125,0.0,yfinance_public_historical
2026-07-14T20:00:00+00:00,BTC-USD,64548.0,64552.5,64373.5703125,64521.44921875,19736576.0,yfinance_public_historical
2026-07-14T21:00:00+00:00,BTC-USD,64521.44921875,64828.1015625,64480.9609375,64634.83984375,136163328.0,yfinance_public_historical
2026-07-14T22:00:00+00:00,BTC-USD,64634.828125,65020.78125,64478.7890625,64815.83984375,707497984.0,yfinance_public_historical
2026-07-14T23:00:00+00:00,BTC-USD,64815.828125,65001.48828125,64737.859375,64988.66015625,228012032.0,yfinance_public_historical
2026-07-15T00:00:00+00:00,BTC-USD,64996.171875,65016.44140625,64718.16015625,64774.46875,0.0,yfinance_public_historical
2026-07-15T01:00:00+00:00,BTC-USD,64789.98828125,64807.26953125,64592.51171875,64624.46875,0.0,yfinance_public_historical
2026-07-15T02:00:00+00:00,BTC-USD,64624.48046875,64707.05859375,64431.51953125,64440.87109375,0.0,yfinance_public_historical
2026-07-15T03:00:00+00:00,BTC-USD,64440.87109375,64793.76171875,64440.51953125,64736.671875,118837248.0,yfinance_public_historical
2026-07-15T04:00:00+00:00,BTC-USD,64732.0,64833.58984375,64664.96875,64698.0703125,0.0,yfinance_public_historical
2026-07-15T05:00:00+00:00,BTC-USD,64731.96875,64912.69921875,64552.01171875,64882.9609375,0.0,yfinance_public_historical
2026-07-15T06:00:00+00:00,BTC-USD,64890.55078125,65213.28125,64768.0,64772.71875,574838784.0,yfinance_public_historical
2026-07-15T07:00:00+00:00,BTC-USD,64781.4609375,64836.23046875,64437.96875,64504.359375,945825792.0,yfinance_public_historical
2026-07-15T08:00:00+00:00,BTC-USD,64520.0,64738.0,64505.1015625,64719.9296875,152492032.0,yfinance_public_historical
2026-07-15T09:00:00+00:00,BTC-USD,64714.51953125,64870.75,64600.0,64615.578125,159608832.0,yfinance_public_historical
2026-07-15T10:00:00+00:00,BTC-USD,64595.8515625,64798.3515625,64563.1796875,64603.96875,0.0,yfinance_public_historical
2026-07-15T11:00:00+00:00,BTC-USD,64605.98046875,64700.0,64567.98828125,64676.8984375,74805248.0,yfinance_public_historical
2026-07-15T12:00:00+00:00,BTC-USD,64677.98828125,65185.921875,64545.19921875,65106.41015625,0.0,yfinance_public_historical
2026-07-15T13:00:00+00:00,BTC-USD,65112.609375,65510.44921875,64824.5390625,65060.0390625,369016832.0,yfinance_public_historical
2026-07-15T14:00:00+00:00,BTC-USD,65078.62890625,65462.0390625,65012.0390625,65339.5,190306304.0,yfinance_public_historical
2026-07-15T15:00:00+00:00,BTC-USD,65323.98828125,65499.98828125,65200.01171875,65369.98046875,0.0,yfinance_public_historical
2026-07-15T16:00:00+00:00,BTC-USD,65388.71875,65413.87890625,64725.9609375,65060.48828125,0.0,yfinance_public_historical
2026-07-15T17:00:00+00:00,BTC-USD,65072.1796875,65139.3203125,64916.8984375,65005.03125,0.0,yfinance_public_historical
2026-07-15T18:00:00+00:00,BTC-USD,64997.578125,65085.828125,64798.6484375,64812.6796875,321009664.0,yfinance_public_historical
2026-07-15T19:00:00+00:00,BTC-USD,64816.578125,64968.48046875,64702.78125,64927.421875,10137600.0,yfinance_public_historical
2026-07-15T20:00:00+00:00,BTC-USD,64943.609375,65014.5390625,64874.53125,64927.94921875,29859840.0,yfinance_public_historical
2026-07-15T21:00:00+00:00,BTC-USD,64927.9609375,64983.69921875,64750.0,64792.96875,0.0,yfinance_public_historical
2026-07-15T22:00:00+00:00,BTC-USD,64789.609375,64942.328125,64727.25,64821.01953125,0.0,yfinance_public_historical
2026-07-15T23:00:00+00:00,BTC-USD,64819.3984375,64900.0,64667.37890625,64712.01171875,0.0,yfinance_public_historical
2026-07-16T00:00:00+00:00,BTC-USD,64697.48828125,64803.76953125,64453.98828125,64536.0,414722048.0,yfinance_public_historical
2026-07-16T01:00:00+00:00,BTC-USD,64552.28125,64785.37890625,64347.0,64689.078125,27205632.0,yfinance_public_historical
2026-07-16T02:00:00+00:00,BTC-USD,64689.078125,64689.078125,64531.1484375,64595.8515625,0.0,yfinance_public_historical
2026-07-16T03:00:00+00:00,BTC-USD,64592.21875,64694.12890625,64501.30859375,64560.0,0.0,yfinance_public_historical
2026-07-16T04:00:00+00:00,BTC-USD,64562.140625,64638.0390625,64488.75,64574.55078125,374847488.0,yfinance_public_historical
2026-07-16T05:00:00+00:00,BTC-USD,64587.76953125,64940.75,64545.03125,64865.140625,153446400.0,yfinance_public_historical
2026-07-16T06:00:00+00:00,BTC-USD,64865.140625,64911.078125,64588.58984375,64719.01171875,0.0,yfinance_public_historical
2026-07-16T07:00:00+00:00,BTC-USD,64719.01953125,64722.87890625,64042.8515625,64172.640625,0.0,yfinance_public_historical
2026-07-16T08:00:00+00:00,BTC-USD,64170.421875,64301.2890625,63834.37109375,64067.87109375,2842585088.0,yfinance_public_historical
2026-07-16T09:00:00+00:00,BTC-USD,64071.7109375,64122.078125,63962.69140625,64036.6015625,2886025216.0,yfinance_public_historical
2026-07-16T10:00:00+00:00,BTC-USD,64035.140625,64209.6484375,64015.98046875,64165.73046875,343705600.0,yfinance_public_historical
2026-07-16T11:00:00+00:00,BTC-USD,64175.01171875,64220.171875,64048.01171875,64200.0,0.0,yfinance_public_historical
2026-07-16T12:00:00+00:00,BTC-USD,64188.8203125,64197.80859375,63802.48828125,63914.109375,0.0,yfinance_public_historical
2026-07-16T13:00:00+00:00,BTC-USD,63938.76953125,64418.16015625,63918.66015625,64320.1796875,0.0,yfinance_public_historical
2026-07-16T14:00:00+00:00,BTC-USD,64322.25,64780.73828125,64278.19921875,64493.2109375,0.0,yfinance_public_historical
2026-07-16T15:00:00+00:00,BTC-USD,64529.4296875,64825.37890625,64264.58984375,64660.55078125,0.0,yfinance_public_historical
2026-07-16T16:00:00+00:00,BTC-USD,64667.01171875,64671.8984375,64286.109375,64436.91015625,0.0,yfinance_public_historical
2026-07-16T17:00:00+00:00,BTC-USD,64430.671875,64434.828125,63943.83984375,64029.76171875,0.0,yfinance_public_historical
2026-07-16T18:00:00+00:00,BTC-USD,64028.421875,64285.44921875,64009.51171875,64201.46875,0.0,yfinance_public_historical
2026-07-16T19:00:00+00:00,BTC-USD,64188.80859375,64261.05078125,64099.62890625,64218.4609375,0.0,yfinance_public_historical
2026-07-16T20:00:00+00:00,BTC-USD,64217.5390625,64233.1796875,64060.48046875,64066.1484375,0.0,yfinance_public_historical
2026-07-16T21:00:00+00:00,BTC-USD,64063.80859375,64188.30859375,64047.0390625,64151.26953125,0.0,yfinance_public_historical
2026-07-17T00:00:00+00:00,BTC-USD,63772.05078125,63852.01171875,63559.62890625,63778.44140625,319234048.0,yfinance_public_historical
